DID,Name of Donor,Multilateral,DAC Bilateral,Non-DAC Bilateral,Q14_All,Q14_Rank,Q14_Percent,Q21_All,Q21_Rank,Q21_Percent,Q25_All,Q25_Rank,Q25_Percent,Q14_C1,Q14_C2,Q14_C3,Q14_C4,Q14_C5,Q14_C6,Q14_C7,Q14_C8,Q14_C9,Q14_C10,Q14_C11,Q14_C12,Q14_C13,Q14_C14,Q14_C15,Q14_C16,Q14_C17,Q14_C18,Q14_C19,Q14_C20,Q14_C21,Q14_C22,Q14_C23,Q14_C24,Q14_C25,Q14_C26,Q14_C27,Q14_C28,Q14_C29,Q14_C30,Q14_C31,Q14_C32,Q14_C33,Q14_C34,Q14_C35,Q14_C36,Q14_C37,Q14_C38,Q14_C39,Q14_C40,Q14_C41,Q14_C42,Q14_C43,Q14_C44,Q14_C45,Q14_C46,Q14_C47,Q14_C48,Q14_C49,Q14_C50,Q14_C51,Q14_C52,Q14_C53,Q14_C54,Q14_C55,Q14_C56,Q14_C57,Q14_C58,Q14_C59,Q14_C60,Q14_C61,Q14_C62,Q14_C63,Q14_C64,Q14_C65,Q14_C66,Q14_C67,Q14_C68,Q14_C69,Q14_C70,Q14_C71,Q14_C72,Q14_C73,Q14_C74,Q14_C75,Q14_C76,Q14_C77,Q14_C78,Q14_C79,Q14_C80,Q14_C81,Q14_C82,Q14_C83,Q14_C84,Q14_C85,Q14_C86,Q14_C87,Q14_C88,Q14_C89,Q14_C90,Q14_C91,Q14_C92,Q14_C93,Q14_C94,Q14_C95,Q14_C96,Q14_C97,Q14_C98,Q14_C99,Q14_C100,Q14_C101,Q14_C102,Q14_C103,Q14_C104,Q14_C105,Q14_C106,Q14_C107,Q14_C108,Q14_C109,Q14_C110,Q14_C111,Q14_C112,Q14_C113,Q14_C114,Q14_C115,Q14_C116,Q14_C117,Q14_C118,Q14_C119,Q14_C120,Q14_C121,Q14_C122,Q14_C123,Q14_C124,Q14_C125,Q14_C126,Q21_C1,Q21_C2,Q21_C3,Q21_C4,Q21_C5,Q21_C6,Q21_C7,Q21_C8,Q21_C9,Q21_C10,Q21_C11,Q21_C12,Q21_C13,Q21_C14,Q21_C15,Q21_C16,Q21_C17,Q21_C18,Q21_C19,Q21_C20,Q21_C21,Q21_C22,Q21_C23,Q21_C24,Q21_C25,Q21_C26,Q21_C27,Q21_C28,Q21_C29,Q21_C30,Q21_C31,Q21_C32,Q21_C33,Q21_C34,Q21_C35,Q21_C36,Q21_C37,Q21_C38,Q21_C39,Q21_C40,Q21_C41,Q21_C42,Q21_C43,Q21_C44,Q21_C45,Q21_C46,Q21_C47,Q21_C48,Q21_C49,Q21_C50,Q21_C51,Q21_C52,Q21_C53,Q21_C54,Q21_C55,Q21_C56,Q21_C57,Q21_C58,Q21_C59,Q21_C60,Q21_C61,Q21_C62,Q21_C63,Q21_C64,Q21_C65,Q21_C66,Q21_C67,Q21_C68,Q21_C69,Q21_C70,Q21_C71,Q21_C72,Q21_C73,Q21_C74,Q21_C75,Q21_C76,Q21_C77,Q21_C78,Q21_C79,Q21_C80,Q21_C81,Q21_C82,Q21_C83,Q21_C84,Q21_C85,Q21_C86,Q21_C87,Q21_C88,Q21_C89,Q21_C90,Q21_C91,Q21_C92,Q21_C93,Q21_C94,Q21_C95,Q21_C96,Q21_C97,Q21_C98,Q21_C99,Q21_C100,Q21_C101,Q21_C102,Q21_C103,Q21_C104,Q21_C105,Q21_C106,Q21_C107,Q21_C108,Q21_C109,Q21_C110,Q21_C111,Q21_C112,Q21_C113,Q21_C114,Q21_C115,Q21_C116,Q21_C117,Q21_C118,Q21_C119,Q21_C120,Q21_C121,Q21_C122,Q21_C123,Q21_C124,Q21_C125,Q21_C126,Q25_C1,Q25_C2,Q25_C3,Q25_C4,Q25_C5,Q25_C6,Q25_C7,Q25_C8,Q25_C9,Q25_C10,Q25_C11,Q25_C12,Q25_C13,Q25_C14,Q25_C15,Q25_C16,Q25_C17,Q25_C18,Q25_C19,Q25_C20,Q25_C21,Q25_C22,Q25_C23,Q25_C24,Q25_C25,Q25_C26,Q25_C27,Q25_C28,Q25_C29,Q25_C30,Q25_C31,Q25_C32,Q25_C33,Q25_C34,Q25_C35,Q25_C36,Q25_C37,Q25_C38,Q25_C39,Q25_C40,Q25_C41,Q25_C42,Q25_C43,Q25_C44,Q25_C45,Q25_C46,Q25_C47,Q25_C48,Q25_C49,Q25_C50,Q25_C51,Q25_C52,Q25_C53,Q25_C54,Q25_C55,Q25_C56,Q25_C57,Q25_C58,Q25_C59,Q25_C60,Q25_C61,Q25_C62,Q25_C63,Q25_C64,Q25_C65,Q25_C66,Q25_C67,Q25_C68,Q25_C69,Q25_C70,Q25_C71,Q25_C72,Q25_C73,Q25_C74,Q25_C75,Q25_C76,Q25_C77,Q25_C78,Q25_C79,Q25_C80,Q25_C81,Q25_C82,Q25_C83,Q25_C84,Q25_C85,Q25_C86,Q25_C87,Q25_C88,Q25_C89,Q25_C90,Q25_C91,Q25_C92,Q25_C93,Q25_C94,Q25_C95,Q25_C96,Q25_C97,Q25_C98,Q25_C99,Q25_C100,Q25_C101,Q25_C102,Q25_C103,Q25_C104,Q25_C105,Q25_C106,Q25_C107,Q25_C108,Q25_C109,Q25_C110,Q25_C111,Q25_C112,Q25_C113,Q25_C114,Q25_C115,Q25_C116,Q25_C117,Q25_C118,Q25_C119,Q25_C120,Q25_C121,Q25_C122,Q25_C123,Q25_C124,Q25_C125,Q25_C126,Q14_PD1,Q14_PD2,Q14_PD3,Q14_PD4,Q14_PD5,Q14_PD6,Q14_PD7,Q14_PD8,Q14_PD9,Q14_PD10,Q14_PD11,Q14_PD12,Q14_PD13,Q14_PD14,Q14_PD15,Q14_PD16,Q14_PD17,Q14_PD18,Q14_PD19,Q14_PD20,Q14_PD21,Q14_PD22,Q14_PD23,Q14_PGC1,Q14_PGC2,Q14_PGC3,Q21_PGC1,Q21_PGC2,Q21_PGC3,Q22_PT1,Q22_PT2,Q22_PT3,Q22_PT4,Q22_PT5,Q22_PT6,Q22_PT7,Q22_PT8,Q22_PT9,Q22_PT10,Q22_PT11,Q22_PT12,Q22_PT13,Q22_PT14,Q22_PT15,Q22_PT16
1,African_Development_Bank,1,,,3.287178,22,37.50%,2.4015771,15,25.00%,3.2374689,22,42.00%,,,,3.625,,,,,,4,,,,,,,3.5625,3.5833333,,2.75,3.5555556,4.4166667,3.5555556,,,3.4166667,3.5833333,2.875,3.6666667,,3.875,,,2.2916667,,,,3.9583333,,3.2291667,,2.5,,3.65,4.3333333,,,,,,,,,,,3.3875,,,,,,,3.8888889,3.0902778,,2.8,3.2857143,,3.3730159,,3.7083333,,,,,2,2.8125,,,,,3.6770833,3.8333333,,,,,,,,,3.1666667,,,2.375,,3.5833333,,,,,,,1.9444444,,3.2222222,,,3.875,,,2.4166666,,2.1111111,,,,3.6964286,,,,,,3.3229167,,3.3055555,,,,1.5,,,,,,2.5,,,,,,,3.025,3.0208333,,1.975,4,3.0208333,2.0666667,,,3.1666667,2.275,2,2.65625,,2.3,,,1.5625,,,,2.625,,3.6984127,,2.8055556,,2.55,3.0666666,,,,,,,,,,,2.4916666,,,,,,,2.9444444,2.8642628,,2.6875,2.6875,,2.6979167,,1.8,,,,,1.3571429,3.05,,,,,2.8333333,2.5208333,,,,,,,,,3.2916667,,2.4444444,2.2083333,,2.7541667,,1.2222222,,1,2.2222222,,2.2708333,,2.5833333,,,2.15625,,,3.175,,1.9583333,,,,2.9922619,,,,,,1.5,,2.9523809,,,,,,,,,,,,,,,,,3.2833333,3.95,,3.1666667,,3.2,2.2222222,,,4,2.3055556,,3.75,,,,,,,,,3.5,,4.3333333,,2.7083333,,3.9166666,3.625,,,,,,,,,,,3.0416667,,,,,,,,3.2857143,,4,3.5071429,,2.8888889,,,,,,,2.6333333,3.7291667,,,,,2.6,2.75,,,,,,,,,4.1388889,,,2.9583333,,3.4375,,,,,,,3.5,,,,,3.75,,,3.7222222,,2.125,,,,3.6041667,,,,,,2.95,,2.7777778,3.4122807,2.71875,3.5,2.9393939,4.0625,3.2654321,3,,2.9285714,2,3.4038462,3.5,3.5277778,,3.9777778,,2.9166667,,3.5555556,,3.0833333,2.625,3.175,3.321489,3.327381,3.1240079,2.7438538,2.5172932,2.275,2.396825,2.024074,2.471154,2.434211,2.236765,,2.808135,1.976563,2.747368,2.01282,2.078947,2.277778,2.033333,2.555556,1.772727,1.857143
2,Andean_Development_Corporation,1,,,2.2994792,52,91.07%,2.0520833,29,50.00%,3.375,16,30.00%,,,,,,,,,,,,,,,,,,,,,,,,,1.875,,,,,,,,2.166667,,,,,,,,,,,,,,,,,,,,,,,,,,,,,,,,,,,,,,,,,,,,,,,,,,,,,,3.3333333,2.6041667,,,,,,,,,,,,,,,,,,,,,,,,,,,,,,,,,,,,,,,,,,,,,,,,,,3.375,,,,,,,,,,,,,1.541667,,,,,,,0.875,1.875,,,,,,,,,,,,,,,,,,,,,,,,,,,,,,,,,,,,,,,,,,,,,,,,,,,,,,2.5,2.25,,,,,,,,,,,,,,,,,,,,,,,,,,,,,,,,,,,,,,,,,,,,,,,,,,,,,,,,,,,,,,,,,,,,,,,,,,,,,,,,,,,,,,,,,,,,,,,,,,,,,,,,,,,,,,,,,,,,,,,,,,,,,,,,,,,,,,,,,,,,,,,,,,,,,,,,,,,,,,,,,,,,,,2.4,,,,,,,,,,,,,,,,,,,,,,2.4047619,1.375,2.65,2.0333333,1.625,2.3333333,,,1.888889,,1.5,,1.541667,,,,,,,,,
3,Arab_Bank_for_Economic_Development_in_Africa,1,,,2.4368687,49,85.71%,1.3243243,49,85.71%,2.8823529,37,72.00%,,,,,,,,,,,,,,,,,,,,,,,,,,,,,,,,,,,,,,,,,,,,,,,,,,,,,,,,,,,,,,,,,,,,,,,,,,,,,,,,,,,,,,,,,,,,,,,,,,,,,,,,,,,,,,,,,,,,,,,,,,,,,,,,,,,,,,,,,,,,,,,,,,,,,,,,,,,,,,,,,,,,,,,,,,,,,,,,,,,,,,,,,,,,,,,,1.666667,1,,,,,,,,,,,,,,,,,,,,,,,,,,,,,,1.333333,,,,,,,,,,,,,,,,,,,,,,,,,,,,,,,,,,,,,,,,,,,,,,,,,,,,,,,,,,,,,,,,,,,,,,,,,,,,,,,,,,,,,,,,,,,,,,,,,,,,,,,,,,,,,,,,,,,,,,,,,,,,,,,,,,,,,,,,,,,,,,,,,,,,,,,,,,,,2,,,,2.6,,,,,,,2.625,,,3.333333,,,,,,,,,2.442029,,2.4,1.1590909,0.42857143,1.9166667,1,,,,,,1,,2.333333,,,1.133333,,,,
4,Arab_Fund_for_Economic_and_Social_Development,1,,,,,,,,,,,,,,,,,,,,,,,,,,,,,,,,,,,,,,,,,,,,,,,,,,,,,,,,,,,,,,,,,,,,,,,,,,,,,,,,,,,,,,,,,,,,,,,,,,,,,,,,,,,,,,,,,,,,,,,,,,,,,,,,,,,,,,,,,,,,,,,,,,,,,,,,,,,,,,,,,,,,,,,,,,,,,,,,,,,,,,,,,,,,,,,,,,,,,,,,,,,,,,,,,,,,,,,,,,,,,,,,,,,,,,,,,,,,,,,,,,,,,,,,,,,,,,,,,,,,,,,,,,,,,,,,,,,,,,,,,,,,,,,,,,,,,,,,,,,,,,,,,,,,,,,,,,,,,,,,,,,,,,,,,,,,,,,,,,,,,,,,,,,,,,,,,,,,,,,,,,,,,,,,,,,,,,,,,,,,,,,,,,,,,,,,,,,,,,,,,,,,,,,,,,,,,,,,,,,,,,,,,,,,,,,,,,
5,Arab_Monetary_Fund,1,,,2.5534188,47,82.14%,1.6875,36,62.50%,3,33,64.00%,,,,,,,,,,,,,,,,,,,,,,,,,,,,,,,,,,,,,,,,,,,,,,,,,,,,,,3.1111111,,,,,,,,,,,,,,,,,,,,,,,,,,,,,,,2.5833333,,,,,,,,,,,,,,,,,,,,,,,,,,,,,,,,,,,,,,2.5,,,,,,,,,,,,,,,,,,,,,,,,,,,,,,,,,,,,,,,,,,,,,,,,,,,,,,,,,2,,,,,,,,,,,,,,,,,,,,,,,,,,,,,,,1.5,,,,,,,,,,,,,,,,,,,,,,,,,,,,,,,,,,,,,,1.875,,,,,,,,,,,,,,,,,,,,,,,,,,,,,,,,,,,,,,,,,,,,,,,,,,,,,,,,,,,,,,,,,,,,,,,,,,,,,,,,,,,,,,,,,,,,,,,,,,,,,,,,,,,,,,,,,,,,,,,,,,,,,,,,,,2.583333,3,,,,,,,,,,,,,,,,,,,,,,2.4583333,,,1.7727273,,1.0833333,,,,,,,,,,,,,,,,
6,Asian_Development_Bank,1,,,3.3939771,17,28.57%,2.6885323,6,8.93%,3.5198951,6,10.00%,2.905303,,,,3.1666667,,3.6166667,,,,3.6333333,,,,,,,,2.686508,,,,,,,,,,,,,,,,,,,,,,3.7083333,,,,,,,,,2.9450758,,,,,,,3.0555555,,,,2.9444445,3.1666667,,,,,,3.8333333,,,,,,3.9,,,,3.625,,3.3055556,,,,3.1458334,,,,,4.0902778,,,,4.5,,,,,3.5,,,,,3.6666667,,,,,,,,2.3333333,,,,,,2.6111111,,,,3.8888889,3.5,,,,,2.7159091,,,,2.175,2.3333333,3.1638889,,,,3.1222222,,,,,,,,3.1188726,,,,,,,,,,,,,,,,,,,,2,,2.6659091,,,,,,,,2.7,2.5890151,,,,,1.5555555,,3.6111111,,,,3.15,3.5555556,,,,,,1.1666667,,3,,,,3.7222222,,,,2.1111111,,3.0106061,,,,2.7571429,,3.4166667,,,3.1026243,,,,3.275,,,,,2.1666667,,,,,2.3333333,,,,,3.0625,,2.1666667,2.5833333,,,,,,4.0833333,,,2.8125,1.83125,3.2291667,,,,,3.1785714,,,,,,2.8958333,,,,3.65,,,,,,,,3.9270833,,,,,,,,,,,,,,,,,,,,,,,,,,,,,,,2.8083333,,,,,,,3.5,,,,3.0416667,,,,,,,3,,,,,,3.75,,,,3.75,,3.264881,,,,4.1111111,,,,,3.7410714,,,,3.8888889,,,,,4.3333333,,,,,,,,,,,,,,,,,,,3.4166667,,,,3.4666667,3.8888889,,,,,3.9842593,4.3939394,3.2333333,3.0909091,3.5,2.9333333,3.2261905,,3.1428571,,2.9615385,2.9722222,3.95,,3.0601852,3.3333333,3.0151515,,3.6944444,,2.25,3.375,3.6923077,3.6552471,3.5560967,2.9584502,3.1376852,2.8553404,2.87584,2.820833,2.675231,2.710318,3.25,2.566964,,2.605392,2.67803,2.780303,2.683333,2.583333,2.724034,3.125,3.05,2.5,2.916667
7,Australia,,1,,2.5609448,46,80.36%,1.5347257,43,75.00%,2.9378739,35,68.00%,1.7916667,,,,,,2.3333333,,,,,,,,,,,,2.1428571,,,,,,,,,,,,,,,,,,,,4.6,3.2222222,,,,,,,,,,2.9969697,,2.625,,1.5,,,2.9583333,,,,,3,,,,,2.25,,,,,2.6666666,,,,,,2.75,,2.3888889,,,,2.3888889,2.5833333,3.0793651,,2,3.5110294,,,,3.7678571,,,,,2.4166667,,,,,,,,,,,,,4.15,,3.675,,,,3.9888889,,,,3.7291667,2.6666667,,,,,1.9699495,,,,,,1.4027778,,,,,,,,,,,,2.777868,,,,,,0.66666667,,,,,,,,,,,,,1.2777778,1.5595238,2.1111111,,3.625,,,,,,,,2.2892774,,1.7619048,,0.6875,,1.8333333,3.6577381,,,,,3.5166667,,2,,,1.675,,,3.4722222,,1,,2.3333333,,,,2.1428571,,1.2170329,,,,1.0833333,1.6222222,3.3416667,,1,2.4816667,,,,3.40625,,,,,3.3791667,,,2,,2.1875,,,,,,,,2.9642857,,3.4041667,,,,3.5416667,,,,3.483066,2.4583333,,,,2.5444444,1.4666667,,,,,,1.6666667,,,,,,,,,,,,2.8777778,,,,,,,,,,,,,,,,,,,,,,,,,,,,,,,2.9513889,,,,,,,4.1041667,,,,,,,,,,,,,,,,,,,,,,,2.5,,,,,,4.0555556,,,3.3833333,,,,3.6375,,,,,3.7083333,,,,,,,,,,,,,3.125,,4.6111111,,,,3.1666667,,,,4.15625,,,,,,3.1666667,2.3333333,2.9166667,3.4285714,2,2.8068182,3.1842105,2.9,3.25,,3.2454546,2.75,3.2222222,,3.169697,1.7777778,2.8465609,2.75,3.0277778,2.625,3.6,,3.2777778,2.7219888,2.8218674,2.8866962,1.8104518,1.9922811,2.2357416,1.834308,1.743707,1.570513,1.74359,1.468687,1.7,1.400667,2.023198,2.431372,1.518518,1.897436,1.646073,1.614583,1.5,2.253333,3.305556
10,Austria,,1,,3.6174273,8,12.50%,1.7938558,33,57.14%,3.0216667,32,62.00%,,,,,,,,,,,1.75,,3.625,,,1.8888889,,,,,,,,,,,,,,,,,,,,,,,,,,,,,,,,,,,,,,,,,,,3.75,,,,,,3.9619048,,,,,,,,3.3333333,,3,,,,,,,,,,,,,,,,,,,,,4.1,,,,,,,,,,,,,,,,,,,,,,,,,,,,,,,,,,,,,,,,,0.875,,1.9583333,,,1.75,,,,,,,,,,,,,,,,,,,,,,,,,,,,,,,,,,,,,,,,,,,2.0333334,,,,,,2.1383929,,,,,,,,2.4583333,,2.25,,,,,,,,,,,,,,,,,,,,,1.9444444,,,,,,,,,,,,,,,,,,,,,,,,,,,,,,,,,,,,,,,,,,,,,,,,,,,,,,,,,,,,,,,,,,,,,,,,,,,,,,,,,,,,,,,,,,,,,,,4,,,,,,,,2.8,,,,,,,,,,,,,,,,,,,,,,,,,,,,,,,,,,,,,,,,,,,,,,,,,,,,,,,,,3.0555555,2.8333333,,4,,,,3.8888889,,,,,,,,,3.5,,,,2.9777778,3.375,3.675,1.8472222,2.6696429,2.3333333,1.979167,1.65,1.083333,,1.625,,1.357143,1.527778,,1.111111,,1.064815,,,,
13,Bank_of_the_South,1,,,,,,,,,,,,,,,,,,,,,,,,,,,,,,,,,,,,,,,,,,,,,,,,,,,,,,,,,,,,,,,,,,,,,,,,,,,,,,,,,,,,,,,,,,,,,,,,,,,,,,,,,,,,,,,,,,,,,,,,,,,,,,,,,,,,,,,,,,,,,,,,,,,,,,,,,,,,,,,,,,,,,,,,,,,,,,,,,,,,,,,,,,,,,,,,,,,,,,,,,,,,,,,,,,,,,,,,,,,,,,,,,,,,,,,,,,,,,,,,,,,,,,,,,,,,,,,,,,,,,,,,,,,,,,,,,,,,,,,,,,,,,,,,,,,,,,,,,,,,,,,,,,,,,,,,,,,,,,,,,,,,,,,,,,,,,,,,,,,,,,,,,,,,,,,,,,,,,,,,,,,,,,,,,,,,,,,,,,,,,,,,,,,,,,,,,,,,,,,,,,,,,,,,,,,,,,,,,,,,,,,,,,,,,,,,,,
14,Belgium,,1,,2.7729067,39,67.86%,1.7477154,34,58.93%,3.0773686,28,54.00%,,,,,,,,,,3.75,,,,,,,,3.4880953,,,,,,,,,3.6777778,,,,,,1.8333333,,,,,,,,,,,,,,,,,,,,,,,,,,,,,,,,,,,,2.7708333,,,,,,,2.2083333,2.6666667,,,,,2.3333333,,,1.6964286,,,3.125,,,,3.7083333,,,2.8333333,,,,,,,,,,,,,,,,,,,,,,,3.5333333,,,,,,,,,,,1.5555556,,,,,,,2.25,,,,,,,,3.28125,,,,,,,,,2.7875,,,,,,1.3333333,,,,,,,,,,,,,,,,,,,,,,,,,,,,,,,,,,,,2.2083333,,,,,,,0.50000001,2.8888889,,,,,1.9711538,,,2.3511905,,,1.3333333,,,,2.7694444,,,2.7083333,,,,,,,,,,,,,,,,,,,,,,,2.75,,,,2.75,,,,,,,,,,,,,,,,,,,,,,4.110119,,,,,,,,,2.8333333,,,,,,,,,,,,,,,,,,,,,,,,,,,,,,,,,,,,,,,,,,2.6666667,,,,,,,,,,,,,2.8333333,,,,,,,,,,3.35,,,3.75,,,,,,,,,,,,,,,,,,,,,,,3.1111111,,,,,,,,,3.2,,2.25,,2.6875,3.3122711,3.4166667,,,,,3.1,,,3.3888889,4.1666667,,,2.3333333,,,,2.125,3.0512821,2.2704861,3.374127,1.7638889,2.1377778,2.8307407,1.696759,2.464286,1.981482,3.277778,1.530556,,2.272436,2.458333,1.875,,2.404762,2.412037,1.520833,,2.291667,
17,Bolivarian_Alliance_for_the_Peoples_of_Our_America,1,,,,,,,,,,,,,,,,,,,,,,,,,,,,,,,,,,,,,,,,,,,,,,,,,,,,,,,,,,,,,,,,,,,,,,,,,,,,,,,,,,,,,,,,,,,,,,,,,,,,,,,,,,,,,,,,,,,,,,,,,,,,,,,,,,,,,,,,,,,,,,,,,,,,,,,,,,,,,,,,,,,,,,,,,,,,,,,,,,,,,,,,,,,,,,,,,,,,,,,,,,,,,,,,,,,,,,,,,,,,,,,,,,,,,,,,,,,,,,,,,,,,,,,,,,,,,,,,,,,,,,,,,,,,,,,,,,,,,,,,,,,,,,,,,,,,,,,,,,,,,,,,,,,,,,,,,,,,,,,,,,,,,,,,,,,,,,,,,,,,,,,,,,,,,,,,,,,,,,,,,,,,,,,,,,,,,,,,,,,,,,,,,,,,,,,,,,,,,,,,,,,,,,,,,,,,,,,,,,,,,,,,,,,,,,,,,,
18,Brazil,,,1,2.6006944,43,75.00%,1.4827591,45,78.57%,2.8270202,40,78.00%,,,,,,,,,3.1333333,,,1.3333334,,,,,,,,,,,,,3,,,,,,,1.75,2.35,,,,,,,,,,2.6375,,2.6222222,3,2.8,,,,,,,,,,,,,,,,,2,,,,,,,,,,,,,2.25,,,,,,,,,,1.7833333,1.9166667,,,,,,,,,,,,,,,,,3.0555556,,,,,,2.6666666,,,,,,,,,,,,,3,,,,,,1.6666667,,,,,2.1555555,,,2.8333333,,,,,,,,,1.7222222,,,,1.375,,,,,,,1.4,,,2.25,,,,,1.375,,4.125,1.4375,,2.225,1.2916667,1.9729167,,,,,,,,,,,,,,,,,1.2222223,,,,,,,,,,,,,2.5555556,,,,,,,,,,2.1416667,1.4583333,,,,,,1.5625,0.83333333,,,,,,,,,,1.6666667,,,,,,3.3333333,,,,,,,,,,,,,0.5,,,,,,,,,,,,,,,,,,,,,,,,,,,,,,,,,,,,,,,,,,,,,,,,,2.7777778,,,,,,,,,,,,,,,,,,,,,,,,,,,,,,,,,,,,,,,,,,,,,,,,,,,,,,,,,,,,,,,,,,,,,,,,,,,,,,,,2.25,2.3809524,3.5,2,2.5,3.1136364,3.4,,2.9666667,,2.5714286,2.3055556,,,,,,2.3333333,2.0833333,2.2916667,,,,2.652,2.0977778,2.8880952,1.1395062,1.3214286,1.8470238,1.595,1.130952,1.616667,1.5,1.118827,,0.9632353,1.692308,1.4,1.375,1.194444,1.366667,1.5,,3.25,2.125
22,Bulgaria,,,1,,,,,,,,,,,,,,,,,,,,,,,,,,,,,,,,,,,,,,,,,,,,,,,,,,,,,,,,,,,,,,,,,,,,,,,,,,,,,,,,,,,,,,,,,,,,,,,,,,,,,,,,,,,,,,,,,,,,,,,,,,,,,,,,,,,,,,,,,,,,,,,,,,,,,,,,,,,,,,,,,,,,,,,,,,,,,,,,,,,,,,,,,,,,,,,,,,,,,,,,,,,,,,,,,,,,,,,,,,,,,,,,,,,,,,,,,,,,,,,,,,,,,,,,,,,,,,,,,,,,,,,,,,,,,,,,,,,,,,,,,,,,,,,,,,,,,,,,,,,,,,,,,,,,,,,,,,,,,,,,,,,,,,,,,,,,,,,,,,,,,,,,,,,,,,,,,,,,,,,,,,,,,,,,,,,,,,,,,,,,,,,,,,,,,,,,,,,,,,,,,,,,,,,,,,,,,,,,,,,,,,,,,,,,,,,,
24,Canada,,1,,2.7647635,40,69.64%,1.6510274,37,64.29%,2.9463248,34,66.00%,2.1577381,,,,,,2.5416667,,3.625,,,1.375,2.5,,2.9444444,,2.6339286,,2.1111111,2.5,,,,,3.125,,3.1625,,,,,2.625,,2.0555556,1.2222222,,,2.9375,,,3.5555555,2.3333333,2.4375,,,2.6666667,3.2777778,2.3055556,,2.1875,,,3.4666666,2.3511905,,3.8333333,,,,,,,,,,,2.1333333,,3.8333333,,,,,3.2666667,,2.425,3.1458333,,,,2.3333333,1.8928571,2.3125,2,2.0555556,,,2.3541667,3.5694444,,,3.375,,,1.9375,,,,,,2,2.625,,,,,,,3.2,,,,,,,,,,4.5555556,,,,,2.8333333,,1.5,2.1868236,0.41666666,0.75,1.5,,,2.0875,,2.3666667,3.0833333,,1.9,2.9444445,,2.25,1.2222222,2.0555556,0.88888888,2.075,1.3125,,,,,1.6388889,,1.9511905,,2.3055555,,,1.2083333,0.58333334,1.2333333,1.4444444,,,1.3958333,,,0.9375,3.2083333,2.2666667,3.6,,2.1011905,3.010641,2.4375,,1.3125,,1.1208333,2.0833333,1.8277778,0.60000002,2.2208333,,,2,,,,,,1.5,1.0833333,1.125,,2.7465278,,,,,2.6666667,,2.3154762,2.75,,,1.1111111,2.75,3.2,1.6785714,1.725,1.9666667,,3.1666667,2.2012987,2.4,,1.8571429,1.5833333,,,2.4196429,1.8055556,,,2.25,,1.0833333,2.1333333,1.3333333,1.1458333,,,0.53333335,,2.7345238,,1.5666667,,,1.25,0.625,,,1.7,2.0597222,,,3.6666667,,1.5625,,1.5401786,2.375,,,,,,1.7916667,,,,,,,,,,3.75,,3.2222222,,,,,,,,3,,,,,2.1666667,,,,,,2.625,,,,3.2777778,2.6666667,,,,2.9777778,,,,,,3.5,3.5,,3.3333333,,,,,,,,,,,3.0833333,,3.5,,,,,,,,,,,,,3.2,,,2.75,,,3.875,3.75,,,1.625,,,3.0833333,,,,,,,2.125,,,,,,,3.25,,,,,,,,,,,,,,,,,,2.4385965,2.5,3.0416667,2.7424242,2.6029412,2.7067901,3.6513889,2.8571429,2.5625,3.6666667,2.5686274,2.435,3.0606061,,2.5454545,3.1666667,2.15625,3.1666667,3.35,2.8020833,,3.4444444,2.65625,2.668254,2.8991764,2.8010369,1.4294392,2.054726,1.811317,1.74175,1.773256,1.739268,1.441667,1.41699,2,1.489197,1.888005,1.517857,1.30303,1.563333,1.738415,1.158254,1.926471,1.7475,1.674479
27,Caribbean_Development_Bank,1,,,3.9577778,2,1.79%,2.5343254,12,19.64%,3.4583333,11,20.00%,,,,,,,,,3.65,,,,,,,,,,,,,,,,,,,,,,,,,,,,,,,,,,,,,2.8333333,3.9722222,,,,,,4.3333333,,,,,,,,,,,,,,,,,,,,,,,,,,,,,,,,,,,,,,,,,,,,,,,,,,,,,,,,,,,,,,,,,,,,,,,,,,,,,,,,,,3.428571,,,,,,,,,,,,,,,,,,,,,,,,,,,,,,,,,,,,,2.041667,1.8125,,,,,,2.388889,,,,,,,,,,,,,,,,,,,,,,,,,,,,,,,,,,,,,,,,,,,,,,,,,,,,,,,,,,,,,,,,,,,,,,,,,,,,,,,,,,,,,,,,,,,,,,,,,,,,,,,,,,,,,,,,,,,,,,,,,,,,,,,,,,,,,,,,,,,,,,,,,,,,,,,,,,,,,,,,,,,,,,,,,,,,,,,,,,,,,,,,,,,,,,,,,,,,,,,,4,,,,,,,,,,,,,,,,,,,,,,,3.4375,,4.6666667,1.7083333,,3.2666667,1.25,,,,,,2.375,,,,,2.25,,,,
28,Central_American_Bank_for_Economic_Integration,1,,,2.2994048,53,92.86%,1.5115079,44,76.79%,2.875,38,74.00%,,,,,,,,,2.9166667,,,,,,,,,,,,,,,,,,,,,,,,,,2.0333333,,,,,,,,2.0267857,,,,,2.1190476,,,,,,,,,,,,,,,,,,,,,,,,,,,,,,,,,2,,,,,,,,,,,,,,,,,,,,,,,,,,,,,,,,,,,,,,,,,,,,,,,,,,,,,,1.5833333,,,,,,,,,,,,,,,,,,,,,,,,,,1.691667,,,,,,,,1.5,,,,,1.916667,,,,,,,,,,,,,,,,,,,,,,,,,,,,,,,,,0.888889,,,,,,,,,,,,,,,,,,,,,,,,,,,,,,,,,,,,,,,,,,,,,,,,,,,,,,,,,,,,,,,,,,,,,,,,,,,,,,,,,,,,,,,,,,,,,,,,,,,,,,,,,,,,,,,,,,,,,,,,,,,,,,,,,,,,,,,,,,,,,,,,,,,,,,,,,,,,,,,,,,,,,,,,,,,,2.2,,2.4,,2,,,,,,,2.444444,,,,,,,2,,,,,2.5,2,2.2333333,1.7738095,0.75,2,,,,,1.583333,,0.9222223,,,,,,,,,
29,China,,,1,2.5657798,45,78.57%,1.5602339,42,73.21%,2.7271825,41,80.00%,1.4166667,,,1.547619,,,,,,,,,,,1.4,,,2.3333333,2.75,2.6666667,,,,,,3.6666667,2.6,,,,,,2.1666667,1.5555556,,,,,,,,,,2.3333334,,,,,,2.4722222,,,3,1.4583333,,,,,,,2.875,2.25,,2.3087302,3.7,2.4111111,2.3333334,,2.3125,,,,,2.4583333,,1.5,2.625,3.1666667,3.2777778,3,,2.5,4,,2.1111111,,,2.1666667,,,,2.8333333,3.1111111,,1.8333333,,2.0333333,,,,,2.6666666,3.0833333,3.1111111,,,,,3.75,,,1.9,2.3333333,,,,,3.2,,,2.3690476,,,2.8650794,,2.875,1.9833333,,,2.7333333,,,,,,,,2.375,,,,,,2.7,2.6666667,,2.2222223,1.6666667,,,,2.4444445,1.3333333,,,,,,,0.66666666,,,,,1.8333333,,,,,1.9333333,,0.88888889,2.1111111,,,1.7777778,,,,0.08333333,,,,,,,,4.0833333,,1.9583333,2.1666667,0.86666667,1.3333333,,1.625,,1.5,,,1.75,,0.16666667,1.875,2.125,1.6666667,1.5416667,,,1.2222222,,0.55555554,,2.5,1.0833333,2.6666667,,,0.87499998,1.1666667,,1.125,,1.1333333,,,,,1.1333333,1.5,2.7541667,,,,,2.8333333,,1.75,1.3,1.2,,,,,1.8214286,,,0.90625,,,2.3511905,,1.6333333,,,,,,,,,,,,,,,,,,2.75,,,3,,,,,,,,,,,,,,,,,,,,,,,,,,,,,,,,,,,,,,,,,,,,,1.8333333,,,,,,,,,,,,,,2.1666667,,,,,,,,,,,,,,,,,,,,,,2.25,,,,,,,,,,,,,,,,,,,,,,2.2222222,,,2.4241071,2.1130952,3.625,2.0833333,2.6746032,2.6956522,3.0625,2,,,2.3333333,2.3013889,2.1217949,,2.71,,2.6,2.6666667,2.28125,3.6428571,2.4,,2.4444444,2.6499843,2.4560544,2.6180272,1.4653665,1.4805322,1.7879085,1.396154,1.244253,1.521739,1.045455,1.15,,1.077922,1.271368,1.706349,1.462963,1.214286,1.038571,1.533333,,1.961539,1.142857
33,Denmark,,1,,3.4526944,14,23.21%,2.2900288,19,32.14%,3.3106725,18,34.00%,,,,,,,,,,,3.6479167,,,,,,4.6666667,,,,,,,,,,,,,,,,,,,,,,,,,4.4583333,,,,,,,,,,,,2.6666667,,3.6666667,,,,,,,,,,,,,,,,,,,,,3.4444444,,,,,,,,,,,,,,,,,,,,,,,,,,,,,,,,,,,,,,,,,4.2666667,,,,,,,,,,,,,,,3.2777778,,,4.2222222,2.5965909,1.4583333,,,,,2.7222222,,,,,,,,,,,,,,,,,,,,,,,,,4,,,,,,,,,,,,1.2916667,,3.8333333,,,,,,,,,,,,,,,,,,,,,,,,2.25,,,,,,,,,,,,,,,,,,,,,,,,,,,0.625,,3.375,,,,,,,,,3.6388889,1.4,,,,,2.5,,,,,,,,,,,,,3.5,,,,,,,,,,,,,,,,,,,,,,,,,,,,,,,,,,,,,,,,,,,,,4.5,,,,,,,,,,,,,,,,,,,,,,,,,,,,,,,,,,,,,,,,,,,,,,,,,,,,,3.4444444,,,,,,,,,3.625,,,,,,,,,3.2,,,,,4.3888889,,,,,4.0625,,,,3.9,,,,4.1333333,,,,3.75,3.5888889,3.4857143,4.1517857,2.4814815,2.6869048,3.4301587,2.898809,3,2.875,,2.451389,,2.425,2.878788,,,2.777778,2.555556,2.5,2.8,,2.666667
36,European_Bank_for_Reconstruction_and_Development,1,,,3.3488276,18,30.36%,2.4427619,14,23.21%,3.2958333,19,36.00%,,3.208333,,,,,,,,,,,3.75,,,,,,,,,,,,,,,,,,,,,,,,,,,,3.113095,,,,,,,,,,,,,2.5,,,,,3.333333,,2.9,,,,,,,,,,,,4.25,2.725,,2.266667,,,,,,,,,,,,,,,,,,,,4.333333,,,,,,,,,,,,,,,,,,1.777778,2.6,,,,,,,,,,,,,2.9791667,,,2.5357143,1.6666667,,2.25,,,,,3.5,,,2.6666667,,,,,,,,,,,,,,,,,,2.625,,,,,,,3.0430556,,,,,,,,,,,,,0.33333331,2.875,,,,2.28125,,2.2395833,,,,,,,,,,,,3.2814815,2.1851852,,1.2777778,,,,,,,,,,,,,,,,,,,,2.9375,,,,,,,,,,,,2.475,,,,,,1.7083333,1.25,,,,,1.9583333,,,,,,,,,,,,,,,,,,,,,,,,,,,,,,,,,,,,,,,,,,,,,,,3.8333333,,,,,,,,,,,,,,,,,,,,,,,,,,,,,,,,3.916667,,,,,,,,,,,,,,,,,,,,,,,,,,,,,,,,,,,,,,,,,,,,,,,,,,,,,,2.75,3.555556,,3.9,2.65,2.583333,,,,,,,3.833333,,3.444444,,,,3.5,,,,3,3.2784524,2.8461538,3.1875,2.5488662,2.25,2.4375,2.625,2.151961,,2,2.31746,,2.102564,2,2.083333,2.8,2,2.548611,,,,
37,European_Union,1,,,3.3323351,19,32.14%,2.9548203,4,5.36%,3.4379746,12,22.00%,2.8194445,4.125,3.7777778,2.8333333,3.3333333,,3.6666667,,4.2666667,3.7708333,3.5555556,,4.0119048,,2.5625,3.7291667,3.3125,3.2916667,2.6277778,2.3333333,4.5333333,3.65,,,,3.4166667,2.925,,3.6875,,,2.7797619,,2.875,2.0625,,,3.2916667,,2.9416667,3.518315,3.6166667,2.35,4.2222222,3.5,2.6111111,3.3375,2.5,,3.0416667,,2.7222222,3.8055555,3.0458333,,3.2,3,,3.8443452,,3.7222222,,,3.2083333,3.9955357,3.6767857,3.7857143,,4.2083333,,3.5416667,,3.7604167,2.6666667,3.9166667,3.5125,3.4291667,3.25,3.5833333,4.075,1.875,4.0625,2.8958333,,2.9305556,,3.125,3.5625,3.6736111,,4.3229167,3.6,,,2.3541667,4.5,3.95,2.5833333,,,2.875,2.5833333,,2.8055556,,,3.3555556,,4.1,,3.3888889,3.6,3.375,3.8,2.7714286,,3.8888889,3.4404762,4.125,,3.8,,2.5416667,3.6666667,,,2.9490231,4.0277778,2.625,2.3333333,3.169697,2.5,3.1369048,2.625,3.4722222,3.725,,2.7708333,4.0375,3.5,2.2166667,4.1916667,3.6666667,3.9880952,2.9744048,3.0857143,3.75,4.0791667,3.625,,2.2083333,2.9666667,3.3958333,2,3.9267857,,2.25,2.9568452,,3.0333333,2.5535714,,3.0555555,3.0194444,2,3.075,3.1493056,3.4916667,2.8732143,2.9166667,3.5625,2.475,3.0634921,2.7827381,,1.88125,,2.1770833,2.6388889,3.078869,3,3.3166667,2.7222222,,3.8337912,,2.6428571,3.4404762,3.8333333,3.0778846,3.7219697,3.4388889,3.5444444,,3.6553571,3.6666667,3.0178572,,3.9245192,,3.9625,3.5833333,3.175,3.25,2.8,2.6319444,3.0277778,3.4821429,2.5541666,1.7777778,3.5071429,,3.1,2.4666667,2.2809524,,3.8583333,2.7708333,2.8958333,2.4444444,3.1660714,4.2797619,3.5732143,3.6111111,3.4047619,,2.6458333,1.984127,2.225,2.4583333,,,2.1,2.95,2.7291667,,2.797619,3.325,2.9375,2.9375,3.9928572,2.875,2.9444444,3.1666667,3.4095238,2,3.0922619,2.625,2.5104167,2.775,,2.7440476,2.7321429,4.0416667,3.1666667,,4,,2.7291667,,,2.85,,,3.34375,4.1666667,,4.475,3.625,4.6,3.8222222,3.1666667,3.9444444,,3.25,,,2.7222222,3.25,,4.125,,,3.7666667,,2.625,,,,3.5,,3.5833333,3.5875,3.6875,3.0416667,,3.75,,3.3125,3.25,,2.75,,,,3.2761905,,3.9166667,,,4,,3.375,,,3.7291667,4.2380952,3.8666667,3.3666667,,3.9791666,,3.75,,4.125,,4.4166667,3.5,3.4666667,,3.7777778,2.7333333,,3.8630952,3.0833333,,3.2916667,,4.1666667,3.6666667,3.5,,4.7619048,3.3958333,,,3.4375,3.7083333,4.1875,2.4444444,,,3.1111111,1.6333333,,3.3333333,,,3.6666667,,3.8333333,,,3.8,3.5,3.5,4.0357143,,,3.1944444,3.5,,3.9333334,,2.2083333,3.8333333,,,3.3877551,3.2045455,3.8157895,3.2657658,3.4619048,3.3455128,3.4125,3.2333333,3.6089744,3.375,3.3185185,3.072973,2.9,3.15625,3.4032258,3.6176471,3.35,3.3703704,3.3076923,3.1868687,3.75,3.2916667,3.5302326,3.3782151,3.3772013,3.310341,2.9914286,3.0751654,3.0794796,2.832525,2.860784,2.989437,2.762681,2.768775,2.666667,2.780628,2.780013,2.727381,2.445946,2.953901,2.984524,2.503145,2.586667,3.096154,2.695652
38,Finland,,1,,3.7604167,4,5.36%,1.5859649,41,71.43%,,,,,,,,,,,,,,,,,,,,,,,,,,,,,,,,,,,,,,,,,,,,,,,,,,,,,,,,,,,,,,,,,,,,,,,,,,,,,,,,,,,,,,,,,,,,,,,,,,,,,,,,,,,,,,,,,,,,,,,,,,,,,,,2.75,,,,,,,,,,,,,,,,,,,,,,,,,,,,,,,,,,,,,,,,,,,,,,,,,,,,,,,,,,,,,,,,,,,,,,,,,,,,,,,,,,,,,,,,,,,,,,,,,,,,,,,,,,,,,,,,,,,,,,,,,,,,,,1.8,,,,,,,,,,,,,,,,,,,,,,,,,,,,,,,,,,,,,,,,,,,,,,,,,,,,,,,,,,,,,,,,,,,,,,,,,,,,,,,,,,,,,,,,,,,,,,,,,,,,,,,,,,,,,,,,,,,,,,,,,,,,,,,,,,,,,,,,,,,,,,,,,,,,,,,,2.25,,3.7777778,1.1666667,,,,,,,,,,,,,,1.5,,,,
40,France,,1,,2.6245717,42,73.21%,1.7035706,35,60.71%,2.7141998,42,82.00%,2.1845238,,,,,2.75,,,,4.5833333,,,,,1.875,2.3333333,3.175,2.8020833,2.0833333,2.45,,3.9583333,,,3.3333333,2.75,3.0833333,3.5,3.9583333,,2.875,2.375,,1.5555556,2.5555555,,,,,3.375,3.5416667,3.4444444,3,3.2083333,2.5,,3.0769841,,,1.9166667,,,,2.8833333,,3.75,,,3,3.3333333,,,,3.1388889,3.7777778,3.1309524,,,2.9583333,,3.9625,,,3.4166667,3.5833333,3.0625,2.6833333,,,,,3.5556818,3.375,,2.5333333,,,2,2.5,,3.6666666,1.5833333,,,2.1875,,,,,,1.6666667,,,,,,,,,,,3.375,,2.9,,,,,,,2.7222223,,3.3,,,,1.9349748,1.7333333,2.7916667,1.0833333,1.5111111,2.1428572,,,,2.470202,,1.4166667,1.2,,1.375,3.2222222,2.6840278,2.0583333,2.3060065,2.9642857,1.75,2.8420455,2.2708333,,1.2833333,2.1607143,2.3104167,2.7142857,3.6944444,,1.7,1.1666667,,0.99999998,1.7291667,,,1.4166667,0.88888889,0.93333333,2.375,3.0111111,,3.2380952,2.5416667,,2.539114,1.8333333,,1.2916667,,1.4444444,0.33333333,1.8472403,1.8,2.1309524,,,2.4166666,2.5,,3.0357143,,1.6904762,1.7962963,3.0701299,,,2.5619048,,2.358631,,2.4444444,0.625,,2.2675137,1.5,1.375,1.8055556,,,2.897619,2.1875,0.83333333,2.2301587,,,1.25,1.5535714,,2.5,0.66666668,,,2.5522727,1.8333333,,,,,1.2222222,,0.83333336,1.0666667,2,,1.4166667,,,,1.4444444,1.9325397,,2.3178572,1.0555556,1.2222222,,1.625,1.5,1.875,1.3333333,3,1.6125,,,1.5,1.8333333,,,,,,,,,,,,,,,,3.25,2.6833333,3.3888889,3.1444444,,2.8888889,,,,2.9166667,2.3333333,2.25,,,,,,,,,,,,,,3.1666667,,,,,2.8416667,,,,,,,3.2777778,,,,,,,,,,,2.8333333,3.6,,,3.3333333,,3.75,,,,,3.5555556,,,,,,3.25,,,2.5,,,,,,,,,,2.6375,,,,,,,,,,,,,,,,,3.1666667,,2.6666667,,,,,,,,,,,,,2.7279412,2.6376812,3.1875,2.9848485,3.2954545,3.1280812,3.0128205,1.5,3.1851852,,2.6666667,2.4206349,3.1153846,2.8,3.1140351,2.8888889,2.4583333,2.8181818,2.9833333,2.9411765,,3.25,2.7333333,2.846476,2.7874663,2.8015119,1.5886424,2.0076623,1.8836624,1.641096,1.605769,1.700855,1.695652,1.630394,1.5,1.292624,1.680606,1.91129,1.296296,1.977273,1.633636,1.707407,1.767857,2.375,1.796875
43,Germany,,1,,3.1393132,28,48.21%,2.0817029,26,44.64%,3.2033785,24,46.00%,3.0284689,3.4333333,,2.5833333,3.3888889,3.25,3.2,,2.45,4.3333333,,1.6666667,3.7962963,,2.0666667,2.7777778,3.5178571,2.9555555,1.9861111,2.9166667,3.6,,,,2.3055555,,3.1333333,,3.8333333,,,2.125,2.3611111,2.3888889,2.4583333,,,2.6984127,,,3.6587302,2.3125,2.6579365,2.4333334,,3.3333333,2.8666667,3.25,,2.3920454,,,,3.1467127,,3.1666667,,,3.7337302,2.875,4.0555555,1.9166667,,2.9166667,4.0041667,3.3888889,3.9220085,,2.3625,,4.625,,3.6666666,3.7142857,3.7111111,2.9375,3.4895833,2.6666667,3.5227273,3.3916667,,3.3392857,3.9166667,2.3777778,2.9641241,,2.6416667,3.3576389,3.4666667,,3.1041666,2.8666667,,,2.2083333,4.9166667,2.327381,,,,2.5555555,,4,2.625,,,4.0714286,,4.9166667,,,3.4,,3.5,2.4166667,,,3.4166667,,,,,3.6181723,2.8333333,,4,2.2967593,2.9847222,,1.2083333,2.2538721,2.7625,2.1083333,2.5,1.6333333,2.8,,1.9125,2.3910256,,1.4166667,2.9861111,2.4667208,3.1534091,2.4137427,1.9702381,1.375,2.2222222,2.25,,2.0277778,,1.9053571,,2.0833333,,,1.7875,1,2.1,2.5,,,1.6854167,,2.25,2.4363782,2.9583333,1.7727273,2.9666667,,1.9166667,2.1880952,2.3166667,0.57142857,1.6303258,,1.8888889,,2.096875,2.2666667,2.6494963,,,3.3221154,,3.0340909,2.8222222,,2.4287879,2.3045343,2.4508929,1.9962293,,2.5104167,,1.9458333,,2.9781746,2.5555556,3.4,1.3452381,2.7051282,2,2.5587607,2.09375,1.6458333,2.6166667,1.75,1.7301587,3.0833333,,2.75,2.2125,2.0297619,,1.9513889,2.34375,,,1.7784091,2.9721154,1.8928571,,,,2.4595238,,1.3888889,1.3555556,,,1.7609428,2.3291667,2.3125,2.5,2.7916667,1.9791667,,2.1,1.7777778,1.2222222,,2.4743507,1.8666667,2.7,1.75,1.9583333,2.8434066,1.9977679,,2.9270833,2.3291667,2.7916667,,,,3.5,2.125,,,,,,3.8,,3,,3.7222222,3.0888889,3.3888889,2.5,,,,,,,3.5,,,,,3.25,,2.4821429,3.6,,,2.8333333,,,3.3913691,2.25,3.05,,,,,,,2.7777778,,,,3.9111111,,3.1875,,,3.4583333,,3.8,,,3.375,3.5185185,3.475,3.6571429,,,,3.6666667,,3.8333333,4,,2.6666667,3.4444445,,3.1666667,2.25,,3.0625,,,3.3888889,,4.2222222,3.2444445,3.7777778,,3.625,3.0380952,,,2.2916667,3.5,2.5833333,,,,2.75,,,,,,3.55,,,,,3.375,,,,,,1.8703704,,,,,3.3172619,2.5,,,3.3605105,3.1866667,3.1521739,3.1061508,3.225,3.2166667,3.3091398,3.0909091,3.2696078,2.5714286,3.6589431,3.054023,3.3968254,3.1666667,3.2576667,3.4166667,3.3712121,2.84375,3.025,3.2783333,4.75,,2.5065476,3.1922749,2.9767746,3.3242915,2.108976,2.2366926,2.5310874,2.138674,1.951331,2.142655,2.053241,1.922047,1.892857,1.825487,2.077867,2.052469,1.621667,2.282407,1.96477,1.994352,2.375,2.039855,1.929825
47,Global_Alliance_for_Vaccines_and_Immunization,1,,,4.0384615,1,0.00%,2.875,5,7.14%,3.8571429,2,2.00%,,,,,,,,,,,,,,,,,,,,,,,,,,,,,,,,,,,,,,,,,,,,,,,,,,,,,,,,,,,,,,,,,,,,,,,,,,,,,,,,,,,,,,,,,,,,,,,,,,,,,,,,,,,,,,,,,,,,,,,,,,,,,,,,,,,,,,,,,,,,,,,,,,,,,,,,,,,,,,,,,,,,,,,,,,,,,,,,,,,,,,,,,,,,,,,,,,,,,,,,,,,,,,,,,,,,,,,,,,,,,,,,,,,,,,,,,,,,,,,,,,,,,,,,,,,,,,,,,,,,,,,,,,,,,,,,,,,,,,,,,,,,,,,,,,,,,,,,,,,,,,,,,,,,,,,,,,,,,,,,,,,,,,,,,,,,,,,,,,,,,,,,,,,,,,,,,,,,,,,,,,,,,,,,,,,,,,,,,,,,,,,,4.2083333,,,,,,,,,,,,,,,,,,,,4.2083333,,,2.7692308,2.444444,,,,,,,,,,,,,,,
48,Global_Environment_Facility,1,,,3.1592593,27,46.43%,2.6466667,8,12.50%,3.5,8,14.00%,,,,,,,,,3.3,,,,,,,,,,,,,,,,,,,,,,,,,,,,,,,,,,,,,,,,,,,,,2.5,,,,,,,,,,,,,,,,,,,,,,,,,,,,,,,,,,,,,,,,,,,,,,,,,,,,,,,,,,,,,,,3,,,,,,,,,,,,,,,,,,2.344444,,,,,,,,,,,,,,,,,,,,,,,,,,,,,,,,,,,,,,,,,,,,,1.75,,,,,,,,,,,,,,,,,,,,2.222222,,,,,,,,,,,,,,,1,,,,,,,,,,,,,,,,,,,,,,,,,,,,2.583333,,,,,,,,,,,,,,,,,,,,,,,,,,,,,,,,,,,,,,,,,,,,,,,,,,,,,,,,,,,,,,,,,,,,,,,,,,,,,,,,,,,,,,,,,,,,,,,,,,,,,,,,,,,,,,,,,,,,,,,,,,,,,,,,,,,,,,,,3,,,,,,,,,,3.704546,,,,,,,,,,,,,2.8939394,,3.5,1.7361111,,3.5087719,2.615385,1.5,,,,,2.277778,,,,,2.5,,,,
49,Global_Fund_to_Fight_AIDS_Tuberculosis_and_Malaria,1,,,3.9310185,3,3.57%,2.6844017,7,10.71%,3.6666667,4,6.00%,,,,,,,,,3.75,,,,,,,,,,,,,,,,,,,,,,,,,,,,,,,,3.6,,,,,,,,,,,,,,,,,,,,,,,,,,,,,,,,,,,,,,,,,,,,,,,,,,,,,,,,,,,,,,,,,,,,,,,,,,,,,,,,,,,,,,,,,,,,,,3,,,,,,,,,,2.583333,,,,,,,,,,,,,,,,,,,,,,,,,,,1.5,,,,,,,,,,,,,,,,,,,,,,,,,,,3.888889,,,,,3.2,,,,,,,,,,,,,,,,,,,,,,,,,,,,,,,,,,,,,,,,,,,,,,,,,,,,,,,,,,,,,,,,,,,,,,,,,,,,,,,,,,,,,,,,,,,,,,,,,,,,,,,,,,,,,,,,,,,,,,,,,,,,,,,,,,,,,,,,,,,,,,,,,,,,,,,,,,,,,,,,,,,,,,,,,,,,,,,,,,,,3.9666667,,,,,,,,,,,,,,,,,,,4.2,4.003125,,,3.0777778,2.487654,2.142857,2.2,,2.285714,,2.666667,2.666667,,,,3.1,,,,
50,Greece,,1,,1.6904762,57,100.00%,1.0321429,54,94.64%,,,,,,,,,,,,,,,,,,,,,,,,,,,,,,,,,,,,,,,,,,,,,,,,,,,,,,,,,,,,,,,,,,,,3.8333333,,,,,,,,,,,,,,,,,,,,,,,,,,,,,,,,,,,,,,,,,,,,,,,,,,,,,,,,,,,,,,,,,,0.41666667,,,,,,,,,,,,,,,,,,,,,,,,,,,,,,,,,,,,,,,,,,,,,,,,,,,,,,,,,,,,1.2380952,,,,,,,,,,,,,,,,,,,,,,,,,,,,,,,,,,,,,,,,,,,,,,,,,,,,,,,,,,,,,,,,,,,,,,,,,,,,,,,,,,,,,,,,,,,,,,,,,,,,,,,,,,,,,,,,,,,,,,,,,,,,,,,,,,,,,,,,,,,,,,,,,,,,,,,,,,,,,,,,,,,,,,,,,,,,,,,,,,,,,,,,,,,,,,,,,,,,,,,,,,,,,,,,,,,,,,,,,,,,,1.625,,,,,,,,,,,
53,India,,,1,2.7741576,38,66.07%,1.3542289,48,83.93%,2.5797101,48,94.00%,2.4047619,,,,,,,,,,3.6666667,,,,2.4444444,,,,,,,,,,,,,,,,,,,,,,,,,,,,,,,,,,,,,,,,,,,,,,,,,2.1666667,,3.5,,,,,,,,,,,1.3333333,2.375,,3,,,,,,,,,,,,2,,,,,,,,,,,3.875,1.7777778,,,,,,,,,,,,,,3.25,,,,,,,,2.5833333,1.9694444,,,,,,,,,,2.5277778,,,,0.33333333,,,,1,,,,,,,1.75,,,0.88888892,,,,,,,,,1.75,,0.625,,,,,,,,,,,,,,,,,,,,,,,,1.0833333,,0.66666666,,,,,,,,,,,0.83333333,1.6666667,,2.2125,,,,,0.83333333,,,,,,,0.33333334,,,,,,,,,,,3.3125,1.0555556,,,,,,,,,,,,,,0.6,,,,,,0.83333333,,0.95833333,3.3333333,,,,,,,,,,,,,,,,,,,,,,,,,,,,,,,,,,,,,,,,,,,,,,,,,,,,,,,,,,,,,,,,,,,,,,,,,,,,,,,2.8333333,,,,,,,,,,,,,,,,,,,,,,,,,,,,,,,,,,,,,,,,,,,,,,,2.7777778,1.6,2.85,2.1666667,3.2272727,2.8333333,3.2878788,,,,,2.3333333,3.2222222,,2.6,,,,2.9333333,,,,2.4,2.5797941,2.7692308,2.9691358,1.3971429,1.8461538,1.6666667,1.19,1.282407,1.694444,0.8333333,1.107843,,0.9259259,1.323529,1.625,0.9375,1.25,0.9732143,1,,1.166667,
56,InterAmerican_Development_Bank,1,,,3.3320408,20,33.93%,3.142818,2,1.79%,3.4818576,9,16.00%,,,,,,,,,3.2875,,,2.2777778,,,2.45,,,,,,,,,,4.0416667,,,,,,,4.0113636,2.7777778,,3.3333333,,,,,,,,2.9866071,,,4,2.916667,3.511905,,,,,4.305556,,,,,,,,,,,,,,,,,,,,,,,,,,,,2.766667,,,,,,3.791667,3.354167,,,,,,,,,,,,,,,,,3.5,,,,,,,,,,,,,,,,,,,,,,,,,,,,,,3.69375,,,3.15625,,,1.8958333,,,,,,,,,,2.5625,,,,,,,3.40625,1.180556,,3.257143,,,,,,,,3.115079,,,3.354167,2.985684,3.846726,,,,,3.940476,,,,,,,,,,,,,,,,,,,,,,,,,,,,3.25,,,,,,3.958333,3.060119,,,,,,,,,,,,,,,,,3.622222,,,,,,,,,,,,,,,,,,,,,,,,,,,,,,4.1666667,,,,,,2.333333,,,,,,,,,,3.833333,,,,,,,3.983333,3.333333,,3.5,,,,,,,,3.275,,,3.666667,3.783333,3.5,,,,,4.533333,,,,,,,,,,,,,,,,,,,,,,,,,,,,3.375,,,,,,3.9375,3.1,,,,,,,,,,,,,,,,,3.388889,,,,,,,,,,,,,,,,,,,,,,4.1166667,3.5625,3.4861111,3.2222222,2.4722222,2.6666667,4.7,,3.1875,,3.047619,2.8571429,,,4.0714286,,2.875,,3.06,2.2,,,4.5714286,3.5620779,3.2946429,3.3448718,3.419127,2.7113946,3.3023809,2.884921,2.825,2.861111,4.1,3.181624,,2.903704,3.5,2.555556,3.758333,2.96875,2.988095,3.541667,,3.796296,
57,International_Fund_for_Agricultural_Development,1,,,3.0398551,30,51.79%,2.0694444,28,48.21%,3.5192308,7,12.00%,,,,,,,,,,,,,,,,,,,,,,,,,,,,,,,,,,,,,,,,,,,,,,,,,,,,,,,,,,,,,,,,,,,,,,,,,,,,,,,,,,,,,,,,,,,,,,,,,,,,,,,,,,,,,,,,,,,,,,,,,,,,,,,,,,,,,,,2.2222222,,,,,,,,,,,,,,,,,,,,,,,,,,,,,,,,,,,,,,,,,,,,,,,,,,,,,,,,,3.6666667,,,,,,,,,,,,,,,,,,,,,,,,,,,,,,,,,,,,,,,,,,,,,,,,,,,,,,,,,,,,,,,,,,,,,,,,,,,,,,,,,,,,,,,,,,,,,,,,,,,,,,,,,,,,,,,,,,,,,,,,,,,,,,,,,,,,,,,,,,,,,,,,,,,,,,,,,,,,,,,,,,,,,,,,,,,,,,,,,,,,,,,,,,,,,,,,,,,,,,4,,,,,,,,,,,,2.7916667,,3.625,1.1851852,,3.4090909,,,,,,,,,,,,,,,,
58,International_Monetary_Fund,1,,,3.6379898,7,10.71%,3.0629135,3,3.57%,3.7713155,3,4.00%,3.45625,3.7222222,,4.7,,,2.875,,,,,,3.25,,2.75,,3.75,3.9111111,2.7083333,2.6111111,,3.75,4,,,4.6666667,3.0666667,,,,,3.125,,,3.0833333,,,3.6666667,,3.375,4.2916667,2.5,3.3333334,4.45,,,3.1666667,3,,3.3333334,,,3.5,3.8222222,,3.4166667,,,4.2777778,,4.1875,,,4,4.6666667,3.3333333,2.9875,,4.2916667,,4.3333333,,3.6,,,4.1875,4.25,3.5,,3.9,4.4,3.9166667,3.8333333,,3.4444445,,4.1,2.9166667,4.3611111,,3.8333333,3.2222222,,,3.8333333,,4.125,3.1,,,,,,3.1111111,,,,,4.5,,,,3.3333333,4.5555556,3.4444444,,,4.4166667,,,4,,3.25,4.0444444,,,3.6547619,3.7666667,,3.1111111,3.8083333,3.25,2.0833333,,,3.0625,,2.375,3.625,,2.5,2.5833333,3.6458333,3.4625,3.1666667,3.3611111,3.5,3.3333333,3.2916667,,2.125,4.4444444,2.7777777,,3.25,,2.7777778,3.7592593,,,2.65,,,3.05,3.125,4.0208333,3.7875,3.5357143,3.2777777,3.8777778,4.3888889,2.8333333,3.6875,3.4166667,3.1666667,2.8125,,2.2916667,4.125,3.2878788,,3.6458333,,,3.3523809,,3.7857143,,,3.7333333,2.7638889,2.6011905,3.58125,,3.7916667,,3.8,,4.0357143,2.5,,3.3125,3.275,,,3.2777778,3.8055556,3.9375,3.4583333,3.3333333,3.4333333,,3.5238095,2.9166667,3.2055556,,,3.2916667,3.8333333,3.1666667,3.625,4.0833333,4.2083333,3.8,,,,,3.4166667,3.5416667,,,3.3333333,2.6333333,2.625,,2.3055555,3.15,2.6666667,4.25,3.7111111,,,3.6,,,1.9,,2.4041667,3.6333333,,3.1666667,3.1222222,,,,,,,,,,,,,,2.5555555,,3.7222222,4.0333333,4,4.1666667,,,,,,3.9166667,,,,,,4.375,,,,,,4.1111111,,,4.6875,,3.25,4.125,4.4444444,,3.6666667,,,,,,3.9333333,3.75,,4.1666667,,,,,3.5833333,,,3.7,4.1111111,3.6666667,4.5138889,,3.8333333,,3.9777778,,4.2055556,,,,4.25,,,3.25,4.375,4.6666667,3.3333334,,4,,4.4166667,,4.45,,,3.9444444,,,3.4444444,,,,,,,,,,,,,,4.2857143,,,,,,3.0833333,,,3.875,,,,,,3.5555556,,,4.2846667,4.195122,3.175,3.5238095,3.3478261,2.8571429,2.4444444,,3.5833333,2.8,3.8571429,2.85,3.4666667,,3.1176471,,3.4166667,3.3333333,3.21875,2.9333333,4.3833333,3.8076923,3.95,3.916266,3.7329545,3.0703704,3.5631794,3.4420996,2.6190476,2.819672,3.278889,3.180556,3.375,3.20754,3.428571,3.511594,2.736395,2.453125,3.269231,2.958333,3.585069,2.935484,3.321429,3.5,2.807692
59,Iran,,,1,2.15681,55,96.43%,0.8484127,56,98.21%,,,,1.6111111,,,,,,,,,,,,,,,,,,,,,,,,,,,,,,,,,,,,,,,,,,,,,,,,,,,,,,,,,,,,,,,,,,,,,,,,,,,,,,,,,,,,,,,,,,,,,,,,,,,,,,,,,,,,,,,,,,,,,,,,,,,,,,1.6111111,,,,,,,,,,,,,,,,,,,,,,,,,,,,,,,,,,,,,,,,,,,,,,,,,,,,,,,,,,,,,,,,,,,,,,,,,,,,,,,,,,,,,,,,,,,,,,,,,,,,,,,,,,,,,,,,,,,,,,,,,,,,,,,,,,,,,,,,,,,,,,,,,,,,,,,,,,,,,,,,,,,,,,,,,,,,,,,,,,,,,,,,,,,,,,,,,,,,,,,,,,,,,,,,,,,,,,,,,,,,,,,,,,,,,,,,,,,,,,,,,,,,,,,,,,,,,,,,,1.6666667,,,,,,,,,,,,,,,,,,2.0151515,2.6111111,2.2777778,1.037037,1.25,1.0769231,0.7142857,,,,0.5555556,,,,1.1,,,,,,,
61,Ireland,,1,,3.5138889,11,17.86%,2.2638889,23,39.29%,4.1458333,1,0.00%,,,,,,,,,,,,,,,,,,,,,,,,,,,,,,,,,,,,,,,,,,,,,,,,,,,,,,,,,,,,,,,,,,,,,,,,,,,,,,,,,,,,,,,,,,,,,,,,,,,,,,,,,,,,,,,,,,,,,,,,,,,,,,,,,,,,,,,,,,,,,,,,,,,,,,,,,,,,,,,,,,,,,,,,,,,,,,,,,,,,,,,,,,,,,,,,,2.7777778,,,,,,,,,,,,,,,,,,,,,,,,,,,,,,,,,,,,,,,,,,,,2.6666667,,,,,,,,,,,,,,,,,,,,,,,,,,,,,,,,,,,,,,,,,,,,,,,,,,,,,,,,,,,,,,,,,,,,,,,,,,,,,,,,,,2.875,,,,,,,,,,,,,,,,,,,,,,,,,,,,,,,,,,,,,,,,,,,,,,,,,,,,,,,,,,,,,,,,,,,,,,,,,,,,,,,,,,,,3.9166667,3.875,,3.75,2.75,,,,,1.857143,,,,,,,,,,,
64,Islamic_Development_Bank,1,,,2.8049887,36,62.50%,1.640942,40,69.64%,3.1290323,26,50.00%,2.5375,,,,,,,,,,,,,,,,,,,,,,,,,,,,,,,,,,,,,,,3,,,,,,,,,,2.5,,,,2.1388889,,,,,,,3.3333333,,,,,,,,2.15,,4.0416667,,,,,1.8095238,,,,,,1.875,,1.5555556,2.2291667,,,,,,,,,,,,,,,,,,,2.3611111,,,,,,,,,,,,,,3.5,,,,,2.2777778,,,,,,,,,,,,,,,,,,,,,,,,,,,,,,,,,,,,,,,,,,,,,,,,,,,,,,,,,,,,,,,,,,,,,,,,,,,,,,,,,,,,,,,,,,,,,,,,,,,,,,,,,,,,,,,,,,,,,,,,,,,,,,,,,,,,,,,,,,,,,,,,,,,,,,,,,,,,,,,,,,,,,,,,,,,,,,,,,,,,,,,,,,,,,,,,,,,,,,,,,,,,,,,,,,,,,,,,,,,,,,,,,,,,,,,,,,,,,,,,,,,,,,,,,,,,,,,,2.90625,2.375,2.4375,,3.45,2.5,2.6363636,,,,,2.452381,3.25,,3.3636364,,,,,,,,2.6666667,2.9337054,2.3888889,2.6704545,1.5892473,0.72727273,2.05,1.884921,1.5625,2,1.666667,1.641026,,1.302632,1.964286,1.714286,,1.428571,2.086539,1.3,,,
65,Japan,,1,,3.0359335,31,53.57%,1.8318674,32,55.36%,3.0543869,29,56.00%,2.7394231,,,3.0625,,,3.6666667,,3.8888889,4.5555556,3.6666667,1.1,3.7222222,,2.95,1.2,3.7,2.4166667,2.1503247,2.75,3.5,,,,2.1333333,3.75,3.1166666,,,,,3.25,1.7333333,2.2291667,2.75,,,3.6555556,4.6,4.75,3.36875,3.2361111,2.3583333,,,,3.0777778,2.5555556,3.625,3.1220238,,2.4166667,4,2.8662879,,3.89375,2.0833333,,2.3333333,2.7,4.1388889,3.25,,2.8488095,3.1071429,2.7291667,3.21875,,2.6041667,3.5833333,4,,2.7708333,3.9861111,,2.4305556,3.4166667,3.1458333,,2.8939394,,2.6,4.5555556,2.3611111,2.5083333,3.1428571,2.3833334,3.0398809,3.8958333,,3.4444445,2.5833333,3.4,,2.5375,5,,3.6888889,,,,2.8888889,2.7857143,2.5555556,,,3.0833333,,4.6,3,3.1333333,2.75,3.6,,1.625,,3.7,3.7148148,,,2.162037,4,2.0555556,3.038961,,3.75,2.3875262,,,1.1041667,1.5,1.75,2.2026786,,2.9761905,1.7083333,1.9333333,2.0111111,1.8666667,,1.5833333,1.5,1.2954545,2.2166667,2.5213546,2.65,1.5,1.1111111,,,1.5555556,2.625,1.6952381,,2.7361111,,1.3333333,1.7916667,1.1111111,1.1742424,1.6494048,,,1.75,2.2083333,2.0714286,1.3222223,3.6428572,1.5000001,2.6666667,1.1666667,,1.7147436,2.1166667,1.5555556,2.1125,,2.1833333,,1.7571429,2.1666667,2.5611111,2.3125,,0.72916667,,1.7222222,3.1804714,,1.825,1.6666667,2.0888889,1.4508928,1.5,1.4583333,3.2222222,1.375,0.66666667,2.4375,2.9102564,,1.1,2.8125,3.1666667,1.3888889,1.4,1.9444444,1.8095238,2.625,1.6770833,2.7556818,2.5833333,2.5708333,1.5142857,2.4935606,,1.3333333,2.09375,0.8125,,1.6083333,2.2083333,1.5,2.6388889,,,,2.0555555,2.1477273,2.1666667,,,1.21875,2.55,2.5416667,1.5,2.1240385,1.0555556,1.425,0.65000001,0.6875,,2.1833333,2.094697,,2.1111111,1.6904762,3.3125,1.2951389,1.2765568,,2.25,2.6892857,,,,,,2.5,,,,3.9166667,,,,,,2.8666666,2.3333333,3.5232804,,,,,,,,,,,,,2.7708333,,2.5714286,,,,2.0555555,,,,3.7083334,,,,,,,,3.4404762,,,,2.825,,3.6125,,,,,,4,,3.3333333,4.75,3.9305556,3.1666667,,,,2.8333333,,3.3333334,4.2,,3.75,,3.5625,,2.1309524,,,,2.2222222,3,3.5,3.8055556,3.1666667,3.8055556,,,3,,,,,,2.9166667,,,,3,3.375,,,,,,3.4,3,2.875,,3.75,,,,,2.1111111,,,3.4583333,,2.2,3.0555556,,,2.928842,2.7675439,2.9702381,2.4710145,2.875,3.222619,3.5063596,2.8333333,2.9768518,3.4,3.3854701,3.2844444,3.1944444,3,3.2240079,3.125,2.2878788,3.6851852,3.0515873,2.8333333,2.4166667,3.8,2.95,2.976541,2.9570567,3.3722451,1.8695962,1.7719264,2.2402229,1.782837,1.611343,1.60625,1.623737,1.570933,1.821429,1.537165,1.72904,2.118056,1.252222,1.819048,1.502197,1.777778,1.96875,2.16523,1.494792
69,Kuwait,,,1,2.3134579,51,89.29%,1.0383065,53,92.86%,2.3875,51,100.00%,,,,,,,,,,,,,,,,,,,,,,,,,,,,,,,,,,,,,,,,,,,,,,,,,,,,,,1.75,,,,,,,,,,,,,,,,,,,,3,,1.6666667,,,,,,,,,,,,,,,,,,,,,,,,,,,,3.2222222,,,,,,,,2.375,,,,,,,,,,,2.75,,,,1.4166667,,,,,,,,,,,,,,,,,,,,,,,,,,,,,,,,,,,,,,,,,,,,,,,,,,,,,0.75,,,,,,,,,,0.16666667,,,,,,,,,,2.5833334,,,,,,,,,,,,,,,,,,,,,,,,,,,,,,1.8333333,,,,,,,,1.25,,,,,,,,,,,1.875,,,,,,,,,,,,,,,,,,,,,,,,,,,,,,,,,,,,,,,,,,,,,,,,,,,,,,,,,,,,,,,,,,,,,,,,,,,,,,,,,,,,,,,,,,,,,,,,,,,,,,,,,,,,,,,,,,,,,,,,,,,,,,,,,,2.1153846,2.1428571,,,2.8333333,2.5833333,,,,,2,1.9861111,,,3.1363636,,,,,,,,2,2.4594595,2.1818182,2.1568627,1.1095238,0.65384615,1.2892157,0.8858024,0.75,1.5,,0.4090909,,1.426471,1.444444,1.0625,,1.166667,0.75,0.3333333,,,
72,Libya,,,1,1.942029,56,98.21%,0.55246914,57,100.00%,,,,,,,,,,,,,,,,,,,,,,,,,,,,,,,,,,,,,,,,,,,,,,,,,,,,,,,,,,,,,,,,,,,,,,,,,,,,,,,,,,,,,,,,,,,,,,,,,,,,,,,,,,,,,,,,,,,,,,,,,,,,,,,,,,,,,,,,,,,,,,,,,,,,,,,,,,,,,,,,,,,,,,,,,,,,,,,,,,,,,,,,,,,,,,,,,,,,,,,,,,,,,,,,,,,,,,,,,,,,,,,,,,,,,,,,,,,,,,,,,,,,,,,,,,,,,,,,,,,,,,,,,,,,,,,,,,,,,,,,,,,,,,,,,,,,,,,,,,,,,,,,,,,,,,,,,,,,,,,,,,,,,,,,,,,,,,,,,,,,,,,,,,,,,,,,,,,,,,,,,,,,,,,,,,,,,,,,,,,,,,,,,,,,,,,,,2.625,,,,,,,,,,,,1.9,,2.5,0.58333333,,0.6875,0.5714286,,,,,,,,,,,,,,,
75,Luxembourg,,1,,3.6825397,6,8.93%,2.5511905,11,17.86%,3.15,25,48.00%,,,,,,,,,,,,,,,,,,,,,,,,,,,,,,,,,,,3.1111111,,,,,,,,,,,,,,,,,,,,,,,,,,,,,,,,,,,,,,,,,,,,,,,,,,,,,,,,,,,,,,,,,,,,,,,,,,,,,,,,,,,,,,,,,,,,,,,,,,,,,,,,,,,,,,,,,,,,,,,,,,,,,,1.6785714,,,,,,,,,,,,,,,,,,,,,,,,2,,,2.1666667,,,,,,,,,,,,,,,,,,,,,,,,,,,,,,,,,,,,,,,,,,,,,,,,,,,,,,,,,,,,,,,,,,,,,,,,,,,,,,,,,,,,,,,,,,,,,,,,,,,,,,,,,,,,,,,,,,,,,,,,,,,,,,,,,,,,,,,,,,,,,,,,,,,,,,,,,,,,,,,,,,,,,,,,,,,,,,,,,,,,,,,,,,,,,,,,,,,,,,,,,,,,,,,,,,,,,,3.6666667,,3.4444444,1.5,,2.3888889,2.5,,,,2.2,,,,,,,,,,,
78,Netherlands,,1,,3.4209459,16,26.79%,2.2837963,20,33.93%,3.2823701,21,40.00%,,,,,,,2.7083333,,,,,,,,,,,,,,,,,,,,,,,,,,,,,,,,,,,,,,,,,,,,,,,,,,,,,,,,,,3.55,,,,,,,,,,,,,,,,,,,,,,,,,,,,,,,,,,,,,,,,,,,,,,,,,,,,,,,,,,3.4,,,,,,,,,,1.9904762,,,3.3333333,,2.0833333,2.9,,,2.8333333,3.75,,,,,,,,,,,,,,,,,,,,,,,,1.375,,,,,,,,,,,,,,,,,,,,,,,,2.1443453,,,,3.3888889,,,,2.4666667,,,,,,,,,,,,,,,,,,,,,,,,,,,,,,,1.125,2.75,,,,,,,,,,,,,,2.625,,,,2.5957341,1.8333333,,,,,,,,,3,,,,,,,,,,,3.8888889,,,,,,,,,,,,,,,,,,,,,,,,,,,,,,,,,,,,,,,,,,,,,,,3.6666667,,,,,,,,,,,,,,,,,,,,,,,,,,,,,,,,,,,,,,,,,,,,,,,,,,,,,,,,,,2.28125,,,,,,,,2.6,3.8333333,3.6666667,,3.8666667,,4.0625,3.5,,,,,2.375,,,3.4444444,,,,2.8333333,3.2444444,3.81,1.8076923,2.2588235,2.8362573,2.498077,2.181818,2.75641,2.142857,2.410919,,2.115385,2.12963,2.571429,1.166667,1.833333,2.161765,1.9,,2.5,2
80,New_Zealand,,1,,3.3198593,21,35.71%,2.3165584,18,30.36%,3.4772569,10,18.00%,,,,,,,,,,,,,,,,,,,,,,,,,,,,,,,,,,,,,,,,,,,,,,,,,,,,,,,,,,,,,,,,,,,,,,,,,,,,,,,,,,,,,,,,,,,,,3.8732143,,,,,3.5674603,,,,,,,,,,,,,,,3.675,,,,3.7777778,,,,3.625,,,,,,,,,,,,,,,,,,,,,,,,,,,,,,,,,,,,,,,,,,,,,,,,,,,,,,,,,,,,,,,,,,,,,,,,,,,,,,,,,,,,,,,,,,,,,,,,,,3.2988095,,,,,3.6666667,,,,,,,,,,,,,,,3.2333334,,,,3.3666667,,,,3.5833333,,,,,,,,,,,,,,,,,,,,,,,,,,,,,,,,,,,,,,,,,,,,,,,,,,,,,,,,,,,,,,,,,,,,,,,,,,,,,,,,,,,,,,,,,,,,,,,,,,3.6791667,,,,,3.7222222,,,,,,,,,,,,,,,4.8333333,,,,2.5,,,,4.0833333,,,,,,4.3958333,,,,,,,,,,3.7222222,,,,3.6666667,,,,,,,,3.75,3.7519841,3.5,3.7074074,3.0555556,3.425,3.0625,2.611111,2.416667,,,,,2.75,1.357143,,,,2.4375,,,,
83,Norway,,1,,3.1931141,25,42.86%,2.0714842,27,46.43%,3.0377425,30,58.00%,,,,,,,,,,,,,,,,,,,,,,,,,,,,,,,,,,,,,,,,,,,,,,,,,,,,,,,,,,,3.1666667,,,,,,3.8518519,,4.6,,,,,,,,,,,,,2.95,,,,,2.6904762,,,,,,,,,,,,,,,,,,,,,,,,,,2.8333333,,,,,,,,,,,,,,,,2,,,,1.1666667,,,,,,,,,,,,,,,,,,,,,,,,,,,,,,,,,,,,2.2,,,,,,,,,,,,,,,,,,2.4666667,,,,,,1.6365079,,3.2333333,,,,,,,,2.7,,,,,1.9967949,,,,,2.9450758,,,,,,,,,,,2.3,,,,,,,,,,,,,2.1666667,,2.9791667,,,,,,,2.7,,,,,,3.3333333,,,,,,,,,,,,,,,,,,,,,,,,,,,,,,,,,,,,,,,,,,,,,,,,,,,,,,,,,,,,,,,,,,,3.8761905,,2.9166667,,,,,,,,,,,,,2.1428571,,,,,,,,,,,,,,,,,,,,,,,,,,,,,,,,,,,,,,,,,,,,,,,2.8,,,2.25,,3.25,3.09375,4.5,,,4,,,,,,3.5714286,,,3.8333333,,,3.25,2.6717687,3.5814815,3.747619,1.5589744,2.7296296,2.7857143,1.833333,1.910714,2.666667,2.75,2.081667,,1.909314,2.333333,1.8125,1.75,2,1.982143,1.125,,,
87,OPEC_Fund_for_International_Development,1,,,2.1892034,54,94.64%,1.3018362,50,87.50%,2.6764706,45,88.00%,,,,,,,,,3.3333333,,,,,,,,,,,,,,,,,,,,,,,,,,,,,,,,,,,,,,2.5,,,,,,,,,,,,,,,,,,,,,,,,,,,,,,,,,,,,,,,,,,,,,,,,,,,,,,,,,,,,,,,,,,,,,,,,,,,,1.4444444,,,,,,,,,,,,1.777778,,,,,,,,,,,,0.777778,,,,,,,,,,,,,,,,,,,,,,,,,,1.1,,,,,,,,,,,,,,,,,1.666667,,,0.875,,,,,,,,,,,,,,,,,,,,,,,,,,,,,,,,,,,,,1,,,,,,,,,,,,,,,,,,,0.777778,,,,,,,,,,,,,,,,,,,,,,,,,,,,,,,,,,,,,,,,,,,,,,,,,,,,,,,,,,,,,,,,,,,,,,,,,,,,,,,,,,,,,,,,,,,,,,,,,,,,,,,,,,,,,,,,,,,,,,,,,,,,,,,,,,1.960784,2.714286,,,2.833333,1.333333,,,,,,2.25,,,2.458333,,,,,,,,,2.3285714,2.5714286,1.8666667,1.3040541,0.9,1.4015152,0.875,0.7179487,0.8333333,,1.388889,,1.190476,1,1.625,,1.142857,0.9375,1,,,
88,Poland,,1,,,,,,,,,,,,,,,,,,,,,,,,,,,,,,,,,,,,,,,,,,,,,,,,,,,,,,,,,,,,,,,,,,,,,,,,,,,,,,,,,,,,,,,,,,,,,,,,,,,,,,,,,,,,,,,,,,,,,,,,,,,,,,,,,,,,,,,,,,,,,,,,,,,,,,,,,,,,,,,,,,,,,,,,,,,,,,,,,,,,,,,,,,,,,,,,,,,,,,,,,,,,,,,,,,,,,,,,,,,,,,,,,,,,,,,,,,,,,,,,,,,,,,,,,,,,,,,,,,,,,,,,,,,,,,,,,,,,,,,,,,,,,,,,,,,,,,,,,,,,,,,,,,,,,,,,,,,,,,,,,,,,,,,,,,,,,,,,,,,,,,,,,,,,,,,,,,,,,,,,,,,,,,,,,,,,,,,,,,,,,,,,,,,,,,,,,,,,,,,,,,,,,,,,,,,,,,,,,,,,,,,,,,,,,,,,,
90,Portugal,,1,,2.8531746,34,58.93%,2.2654478,22,37.50%,2.837963,39,76.00%,,,,1.4444444,,,,,,,,,,,,,,,,,4.1666667,,,,,,,,,,,,,,,,,,,,,,,,2.5,,,,,,,,,,,,,,,,,,,,,,,,,,,,,,,,2.75,,,,,,,,,,,,,,,,,,,,,,,,,,,,,,,,,,3.1111111,,,,,,,,,,,,,,,,,,,1.2777778,,,,,,,,,,,,,,,,,3.125,,,,,,,,,,,,,,,,,,,,,,,,3,,,,,,,,,,,,,,,,,,,,,,,,,,,,,,,,2.5416667,,,,,,,,,,,,,,,,,2.9583333,,,,,,,,,,,,,,,,,2.9553571,,,,,,,,,,,,,,,,,,,,,,,,,,,,,,,,,,,,4.1111111,,,,,,,,,,,,,,,,,,,,,,,,,,,,,,,,,,,,,,,,,,,,,,,,,,,,,,,,,,,,,,,,,,,,,,,,,,,,,,,,,,,,,,,,,,,,,,,,,,,,,,,,,,,,,,,,,,,,,,,,,,,,,,,,,2.2666667,2.8888889,3.7916667,2.4,2.4444444,3.0208333,2.930556,,,,2.5,,1.5625,2.1875,,,,1.25,,,,
92,Qatar,,,1,2.9416667,33,57.14%,1.6447368,39,67.86%,,,,,,,,,,,,,,,,,,,,,,,,,,,,,,,,,,,,,,,,,,,,,,,,,,,,,,,,,,,,,,,,,,,,,,,,,,,,,,,,,,,,,,,,,,,,,,,,,,,,,,,,,,,,,,,,,,,,,,,,,,,,,,,,,,,,,,,,,,,,,,,,,,,,,,,,,,,,,,,,,,,,,,,,,,,,,,,,,,,,,,,,,,,,,,,,,,,,,,,,,,,,,,,,,,,,,,,,,,,,,,,,,,,,,,,,,,,,,,,,,,,,,,,,,,,,,,,,,,,,,,,,,,,,,,,,,,,,,,,,,,,,,,,,,,,,,,,,,,,,,,,,,,,,,,,,,,,,,,,,,,,,,,,,,,,,,,,,,,,,,,,,,,,,,,,,,,,,,,,,,,,,,,,,,,,,,,,,,,,,,,,,,,,,,,,,,,,,,,,,,,,,,2.7142857,,,0.6875,2.2,,,,,,0.9047619,,,,,,,,,,,
94,Russia,,,1,2.6875,41,71.43%,1.0392157,52,91.07%,,,,,,,,,,,,,,,,,,,,,,,,,,,,,,,,,,,,,,,,,,,,,,,,,,,,,,,,,,,,,,,,3.5,,,,,,,,,,,,,,,,,,,,,,,,,,,,,,,,,,,,,,,,,,,,,,,,,,,,,,,,,,,,,,,,,,,,,,1.6666667,,,,,,,,,,,,,,,,,,,,,,,,,,,,,,,,,,,,,,,,,,,,,,,,,,,,,,,,,,,,,,,,,,,,,,,,,,,,,,,,,,,,,,,,,,,,,,,,,,,,,,,,,,,,,,,,,,,,,,,,,,,,,,,,,,,,,,,,,,,,,,,,,,,,,,,,,,,,,,,,,,,,,,,,,,,,,,,,,,,,,,,,,,,,,,,,,,,,,,,,,,,,,,,,,,,,,,,,,,,,,,,,,,,,,,,,,,,,,,,,,,,,,,,,,,,,,,,,,,,,,,,,,,,,,,,2.6,,,,,,,,,,1.3,,,,,,,,,,,
96,Saudi_Arabia,,,1,2.5684524,44,76.79%,1.0791377,51,89.29%,2.5208333,49,96.00%,1.5,,,,,,,,,,,,,,,,,,,,,,,,,,,,,,,,,2,,,,,,,,,,,,,,,,,,,,2.375,,,,,,,,,,,,,,,,,,,,,,,,,,,,,,,,,,,,,,,,,,,,,,,,,,3.1388889,,,,,,,,,,,,,,,,,,,2.9444444,,,,0.8125,,,,,,,,,,,,,,,,,,,,,,,,,,,,0.88888888,,,,,2.3333333,,,,,,,,,,,,,,,,,,,,0.875,,,,,,,,,,,,,,,,,1.6111111,,,,,,,,,,,,,,,,,,,,,,,,,,,,,,,,,1.4444444,,,,,,,,,,,,,,,,,,,2.4166667,,,,,,,,,,,,,,,,,,,,,,,,,,,,,,,,,,,,,,,,,,,,,,,,,,,,,,,,,,,,,,,,,,,,,,,,,,,,,,,,,,,,,,,,,,,,,,,,,,,,,,,,,,,,,,,,,,,,,,,,,,,,,,,,,,1.9583333,2.6428571,,,,2.8,2.6666667,,,,,1.8333333,,,2,,,,,,,,,2.4475309,2.75,2.5666667,0.92901235,1,1.6979167,0.8402778,0.6190476,1.5,1.166667,0.84375,,1.1,1.388889,0.9642857,,1.125,0.8125,,,,
99,South_Africa,,,1,2.966967,32,55.36%,1.6460543,38,66.07%,2.5,50,98.00%,,,,,,,,,,,,,,,,,,,,,,,,,,,3.8055556,,,,,,,,,,,,,,,,,,,,,,,,,,,,,,,,,,,,,1.9166667,,2.3888889,,,,,,,,,,,,,,,,,,,,,,,,,,,,,,,,,,,,,,,,,,,,,,,,,,,,,,,,,,,,,,,,,,,,,,,,,,,,,,2.3333333,,,,,,,,,2.3125,,,,,,,,,,,,,,,,,,,,,,,,,,,,,,,,,,,,,1,,1.4541667,,,,,,,,,,,,,2,,,,,,,,,,,,,,,,,,,,,,,,,,,1,,,,,,,,,,,,1.1666667,,,,,,2.2222222,,2.8541667,,,,,,,,,,,,,,,,,,,,,,,,,,,,,,,,,,,,,,,,,,,,,,,,,,,,,,,,,,,,,,,,,,,,,,,,,,,,,,,,,,,,,,,,,,,,,,,,,,,,,,,,,,,,,,,,,,,,,,,,,,,,,,,2.3333333,,,,2.7777778,3.1,,,,,,,,,,,,,3.3571429,,,,,2.7460317,3.2954545,2.6282051,1.55,2.2083333,1.2777778,1.0625,1,1.166667,,1.282051,,0.8333333,1.727273,,,,1.21875,1.583333,,1.916667,
101,South_Korea,,1,,3.2509446,23,39.29%,2.17542,24,41.07%,2.6638095,46,90.00%,,,,,,,3,,,,,,,,,,,,2.3888889,,,,,,2.25,,,,,,,,,2.6388889,,,,,,,,,2.6428572,,,,,,,2.7380952,,,,,,,,,,,,2.8,,,,,,,,,,,,3.9404762,,,,,,,,,4.6666667,,,,2.3625,2.5,3.031746,,,,,,,,,,,,,,,,,,,,,,,,,,,,,,,,,,,,,,,,,,,,1.4,,,,,,,,,,,,2.3035714,,,,,,,,,,,,,,,1.8333333,,,,1.6666667,,,,,1.7928571,,,,,,,1.61875,,1.25,,,1.875,,,,,3.3333333,,2.4,,,,,,,,,,,,2.8650794,,,,,,,,,1.7777778,0.24999999,,,2.5791667,2.15,1.4547619,,,,,,0.77777777,,,,,,,,,,,,,,,,,,,,,,,,,,,,,,,,,,,,,,2.2222222,,,,,,,,,,,,2.6666667,,,,,,,,,,,,,,,,,,,,,,,,,,,,,,,,,,,,,,,,,,,,,,,,,,,,,,,2.9,,,,,,,,,,,,,3.1111111,,,,,,,,,,,,,,,,,,,,,,,,,,,,,,,,,,,,,,,,2.46875,2.5,3.8571429,3.2,,3.4444444,3.2307692,,,,3,2.2142857,3.25,,3.9166667,,,3.25,2.7923077,2.1,,4.5,3,3.4587912,3.0724206,3.2984524,2.0128788,1.9683333,2.1264286,1.619048,1.458333,1.541667,2.351852,1.666667,,1.557692,1.509804,2.583333,0.875,1.85,1.856061,2.0625,,1.092593,
104,Spain,,1,,2.8169009,35,60.71%,2.005513,31,53.57%,2.8868295,36,70.00%,,,,,,,,,,,,,,,2.6666667,,,,,,3.6,,,,2.8333333,,,,,,,2.85,2.8571429,2.6666667,3.2708333,,,,,,,,2.9280303,,,,4.0785714,3.6666667,,,,,,2.4,,,,,,,,,,,,,,,,,4.1875,,,,,2.65625,2.7916667,,,,2.3333333,2.75,,,2.1,,3.1291667,2.7916666,3.3333334,,,,,,2.75,,,,,,,,,,,,,,,,,,,,,,,,,,,,,,,,,,,1.2083333,,,,,,,,1.7708333,,,1.95,,,,,,2.9722222,,,,2,,,,,,,1.9464286,1.6964286,1.5,2.7048611,,,1.4444444,,,,,2.5,,,,2.6090686,2.2083334,,,,,,1.5,,,,,,,,,,,,,,,1.7083333,,2.3625,,,,,1.9732143,2.7666667,,3,,1.9791667,3,,,2.125,,2.7738095,2.1321429,1.7723214,,,,,,1.625,,,,,,,,,,,,,,,,,,,1.125,,,,,,,,,,,,,,,,,,,,,,,,,,,,,,,,,,,,,,,,,,,,2.6111111,,,4.4166667,,,,,,,,3.5277778,,,,3.3125,,,,,,,,,,,,,,,,,,,,,,,,3.6666667,,,,,2.25,2.6666667,,,,,,,,,,4,3.9333333,3.9166667,,,,,,,,,,,,,,,,,,,,,,,,,,,,,,,,,,,,,,2.275,2.1428571,2.1666667,2.0666667,2.4,2.4555556,3.75,3.2,3.6904762,3.875,3.1875,2.8333333,2.25,,2.875,3.6666667,2.625,,3.3826531,3.1388889,,,3.1041667,2.3172024,3.0220058,3.100641,1.3901455,1.8155159,2.5675824,2.016639,1.603175,1.730769,2.738095,1.766389,,1.629293,2.35,2.5,1.614583,2.607143,1.981771,2.035714,,2.125,
107,Sweden,,1,,3.4846512,12,19.64%,2.3663939,17,28.57%,3.3906452,15,28.00%,,,,,,,,,,,,,3.875,,,,,,2.6740741,,,,,,,,,,,,,,,,,,,,,,3.547619,,,,,,,,,,,,,,,4.5555556,,,,,,,,2.7222222,4.1142857,,,,,,,,3.8819444,,,,,,,,,,,,1.6666667,,,,,,,,,,,,,,,,,,,,,,,,,,,,,,,,,,,,,,,3.3333333,,,,,,,,,2.6666667,2.0833333,,,,,2.5961538,,,,,,2.9087302,,,,,,3.8888889,,,,,,,,,,1.375,,,,,,2.4878472,,,,,,,,,,,,,,,3.525,,,,,,3.8333333,,2.4732143,2.5026786,,,,,,,,2.7744318,,,,3.1111111,,,,,,,,2.75,,,,,,,2.5,,,,3.1666667,,,,,,,,,,,,,,,,,,,,,,,2.125,,,,,2.25,,,,,,,,,,,,,,,3.1041667,,,,,,3.2361111,,,,,,,,,,,,,,,,,,,,,,3.5119048,,,,,,,,,,,,,,,3.3333333,,,,,,,,2.4333333,4.5,,,,,,,,4.0952381,,,,,,,,,,,,,,,,,,,,,,,,,,,,,,,,,,,,,,,,,,,,,,,,,,,,,,2.5714286,,,3,3.2666667,3.5151515,,3.8333333,3.3333333,,4.1428571,2.8,,4.5,3.75,4.5,3.8,,4.2142857,2.5,,,3.5333333,3.3222222,3.6664578,3.6757576,1.9803922,2.8011464,2.7841667,2.599333,1.495726,2.520833,3.190476,2.171402,,1.796875,2.570513,2.65,1.833333,1.635417,2.115741,1.730769,2.25,3.416667,2.166667
110,Switzerland,,1,,3.4659544,13,21.43%,2.1664816,25,42.86%,3.034058,31,60.00%,,,,,,,,,,,,,,,,3.5,,,,,,,,,,,,,,,,,,,,,,,,,3.2083333,,,,,,,,,,,,,2.25,,,,,3.75,,4.1481481,,,,4,,,,,,,,3.4666667,,,,,,,,,,,,2.1666667,,,,,,,,,,,4.125,,,,,,,,,,,,,,,,,,,,,,,,,,,,,,,,,,,1.5,,,,,,,,,,,2.3,,,,,,,,,,,,,,,,,,,,,,,,,2.2833333,,,,,,,,,,,,,0.96428571,,,,,2.6222944,,3.01875,,,,1.9412879,,,,,,,,2.0833333,,,,,,,,,,,,2.375,,,,,,,,,,,1.7785714,,,,,,,,,,,,,,,,,,,,,,,,2.7083333,,,,,,,,,,,,,,,,,,,,,,,,,,,,,,,,,,,,,,,,,,,,,,,,,,,,,,,,,,,,,,,,,3.1666667,,,,,,4.5,,,,,,,,3.2,,,,,,,,,,,,,,,,,,,,,,,,,,,,,,,,,,,,,,,,,,,,,,,,,,,,,,3.0333333,,,,2.875,4.2,3.2857143,,3.875,,4.8,,,,,,,,,,,,2.9166667,3.3078704,2.3636364,4.0740741,2.3051948,1.4848485,2.6862745,2.330128,1.460317,2.046296,2.5,1.469907,,1.574074,2.151961,,1.466667,2.1,2.286325,1.64881,1.928571,,1.4
113,Taiwan,,,1,3.1854167,26,44.64%,2.2819444,21,35.71%,3.4375,13,24.00%,,,,,,,,,,,,,,,,,,,,,,,,,,,,,,,,,,,,,,,,,,,,,,,,,,,,,,,,,,,,,,,,,,,,,,2.75,,,,,,,,,,,,,,,,,,,,,,,,,,,,,,,,,,,,,,,,,,,,,,,3.7333333,,,,,,,,,,,,,,,,,,,,,,,,,,,,,,,,,,,,,,,,,,,,,,,,,,,,,,,,,,,,,,,,,,,,,,,,,,,,,,,3.1666667,,,,,,,,,,,,,,,,,,,,,,,,,,,,,,,,,,,,,,,,,,,,,,,1.7166667,,,,,,,,,,,,,,,,,,,,,,,,,,,,,,,,,,,,,,,,,,,,,,,,,,,,,,,,,,,,,,,,,,,,,,,,,,,,,,,,,,,,,,,,,,,,,,,,,,,,,,,,,,,,,,,,,,,,,,,,,,,,,,,,,,,,,,,,,,,,,,,,,,,,,,,,,,,,,,,3.2333333,3,3.3,2.0833333,2.75,2.8,,,,,,,,,,,,,,,,
116,Turkey,,,1,2.7758292,37,64.29%,1.3666842,47,82.14%,2.6875,43,84.00%,2.3333333,1.875,,,,3.2777778,,,,,,,2.8333333,,,,,,,,,,,,,,,,,,,,,,,,,,,,2.4444444,,,,,,,,,,,,,,,,,,3.6333333,,2.8333333,,,,3.6666667,,,,,,,,,3.1666667,,,,,,,,1,,,2.6666667,,,,,,,,,,,,,,,,,,,3,,,,,,,,,,,,,,,,,,,,,,,1.675,1.0833333,,,,2.0111111,,,,,,,1.1666667,,,,,,,,,,,,,,,,,,,,,,,,,,,,0.91666667,,,,,,,,,,,1.4444444,,,,,,,1.7460317,,2,,,,1.8125,0.33333333,,,0.75,,,,,2.2666667,,,,,,,,,,0.72222222,1.2761905,,,,,,,,,,,3,,,,,,,,1.7777778,,,2.1111111,0.49999998,,,,,,1.375,,1.8333333,,,,,,,1.5,,,,,,,,,,,,,,,,,,,,,,,,,,,,,,,,,,,,,,,,,,,,,,,,,,,,,,,,,,,,,,,,,,,,,,,,,,,,,,,,,,,,,,,,,,,,,,,,,,,,,,,,,,,,,,,,,,,,,,,,,,,,,,,,,,2.5,2,3.5833333,1.7857143,3.0666667,3.1818182,2.3222222,,,,,2.2916667,,,3.75,,,1.75,,,,,,2.8310811,2.1527778,2.628,0.94285714,1.4679487,1.3516156,0.9814815,0.7279412,0.75,1,1.108333,,1.171875,0.8240741,1.095238,0.7857143,0.5,0.468254,1.166667,0.875,1.714286,
119,United_Arab_Emirates,,,1,2.4140827,50,87.50%,1.0164263,55,96.43%,2.6153846,47,92.00%,1.25,,,,,,,,,,,,,,,,,,,,,,,,,,,,,,,,,1.25,,,,,,,,,,,,,,,,,,,,1.8888889,,,,,,,,,,,,,,,,,,,,,,,,,,,,,,,,,,,,,,,,,,,,,,,,,,,,,,,,,,,,,,,,,,,,,2.4166667,,,,0.87500002,,,,,,,,,,,,,,,,,,,,,,,,,,,,,,,,,1.3333333,,,,,,,,,,,,,,,,,,,,,,,,,,,,,,,,,,,,,1.1666667,,,,,,,,,,,,,,,,,,,,,,,,,,,,,,,,,,,,,,,,,,,,,,,,,,,,1.3125,,,,,,,,,,,,,,,,,,,,,,,,,,,,,,,,,,,,,,,,,,,,,,,,,,,,,,,,,,,,,,,,,,,,,,,,,,,,,,,,,,,,,,,,,,,,,,,,,,,,,,,,,,,,,,,,,,,,,,,,,,,,,,,,,,1.9444444,2.75,,,2.875,,,,,,,,3.5,,3,,,,,,,,,2.7283951,1,1.78125,0.88095238,0.16666667,0.89583334,0.5227273,0.375,1.2,0.2,0.875,,0.5555556,1.09375,0.6875,,,0.6666667,,,,
122,United_Kingdom,,1,,3.1224625,29,50.00%,2.0148405,30,51.79%,3.1078024,27,52.00%,3.4041667,3.1111111,,,4.1666667,,3.5625,,2.9027778,,,,3.2,4.25,2.7666667,3.125,,2.7083333,2.6944444,,,,,,,,3.3125,,,,,,,2.0444444,,,,3.8375,,3.75,3.375,3.7708333,2.4444444,,,3.2222222,,,,2.625,,3.625,2.7083333,2.8541667,,3.8180556,,,3.9206349,2.1111111,3.5,,,2.9928571,3.5708333,3.1666667,3.7863636,,,,,,3.725,3,,2.4333333,4.05,3.4666667,3.625,3.2958333,,,3.6666667,2.525,3.8452381,,,3.4444444,3.5,,2.8611111,3.2,,,,,4.3928571,2.1666667,2.5,,2.15,2.6222222,,1.8888889,,,,,4.2638889,,,,,,,,,3.6051587,,,,,3.1515152,3.4722222,,4.1111111,3.2553828,1.8888889,,2.1726191,2.1544118,2.2222222,3.3152406,,2.6083333,,,1.7214286,2.0113636,2.625,1.5833333,2.7916667,,2.425,2.3416667,1.8333333,,,,,1.7333333,,2.625,,,,,,,1.6111111,1.375,,,2.8472222,1.125,2.1111111,2.2301136,3.3944444,2.0833333,,,2.0327381,1.2222222,1.9375,2.1428571,2.1799107,,2.2619048,2.1875,1.9595238,2.5,3.097805,,,3.4615385,1.2222222,2.8020833,,,3.0535714,2.9679487,0.66666666,3.4492424,,,,,,1.7291667,2.1666667,2.5,1.6666667,3.1931818,2.3166667,1.5833333,2.8392857,2.1111111,,3.1388889,2.6105769,2.7,,,2.3541667,2.3138528,,1.3333334,2.9825758,,,1.1666667,2.5625,3.7047619,1.25,3.2727273,2.3333333,1.9166667,2.4047619,2.0833333,1.5729167,,2.5,2.8125,2.96875,3.2027778,,2.4444445,,,1,1.3333333,1.75,,3.234127,1.8611111,1.1458333,,2.9166667,3.1072646,3.1382576,,2.2833333,3.125,,,,3.5555555,,3.3125,,,,,,1.8,,3,,,2.5,2.9333333,,,,,,,,2.8333333,,,,,,,,,,,3.375,,,2.3833333,3.6666667,,,,,,,,2.25,,1.9444444,,3.25,,3.5583333,,,4,,,,,3.6416667,3.6354167,,4.0785714,,,,,,,,,,3.6041667,,,2.9797619,,,3.4097222,3.0952381,3,,,,,,,3.6770833,,,,,4.6111111,,,,2.875,2.6666666,,,,,,,3.8611111,,,,,,,,,3.1517857,,,,,2.4,3.5625,,2,3.1214286,3.1777778,3.5294118,3.2933333,2.8333333,3.3539916,3.4614942,3.3,4.1666667,3,3.2041667,2.2410256,3.0555556,,3.4035088,3.5,3.6372549,2.9166667,3.5546875,3.8116667,3.3571429,3.3333333,3.2166667,2.9519243,3.337022,3.3157395,1.8842017,2.5239316,2.3047482,2.183685,1.782393,1.913328,2.65,2.045018,2.1875,1.837106,2.14435,2.046667,1.934343,2.035965,1.973785,2.096253,2.235507,2.507813,2.118421
125,United_Nations,1,,,3.4421907,15,25.00%,2.5592726,10,16.07%,3.3490876,17,32.00%,3.4159903,2.25,3.3333333,3.375,3.25,,2.25,,3.5833333,4.3333333,3.1111111,3.3333333,4.0833333,4.125,3.1875,,4.25,3.75,3.1388889,,4.0333333,,,,3.6888889,4.9333333,4,,3.6666667,,,2.8875,3.5,2.7,3.3125,,,3.25,,3.3333333,3.9,3.4166667,3.9666667,,3.3333333,3.1666667,3.46875,3.5,,2.3958333,,3.7291667,,3.2380952,,3.875,,,3.2083334,2.5416667,,3.5,,3.7690476,3.7222222,3.4145833,3.0833333,,3.6666667,,,,3.9166667,4.7,,3.2583333,3.9375,3.8,4.1111111,3,3,2.75,4.4583333,3.5,3.2833333,3.2222222,3.9166667,3.3958333,3.8333333,,3.525,3,3.25,,3.1666667,,3.5,2.8333333,2.375,,3.5833333,2.4333334,,2.9722222,3.9166667,,2.4722222,,,,2.625,4.3333333,,2.4166667,,,3.5555556,3.5,,,3.375,,3.5,4.3333333,,4.2,2.8071628,2.0277778,2.7777778,2.9833333,2.5178571,2.4444445,2.9166667,,2.3,3.4166667,2.4,2.525,2.6,2.375,1.0833333,1.9166667,2.8229167,3.5,2.7909722,2.4166667,2.75,3.7166667,1.8333333,,2.625,2.75,3.34375,2.5,3.2083333,,2.25,2.5125,2,3.0166667,3,,2.4166667,2.3333334,2.7777778,2.75,2.2375,2.2722222,2.90625,3.4166667,3.3333333,2.2916667,3.0734127,1.4583333,2.6666667,1.5571429,2.3333334,2.7021465,,2.8309524,2.625,2.7235119,,,2.4861111,2.6111111,2.7777778,1.875,,3.4979055,2.4125,2.4627976,1.8055556,,2.35,2.5,3.125,,3.2634921,2.6222222,2.3333333,2.2208333,3.2738095,3.46875,3.015873,1.875,2.75,2.7833334,2.215625,2.0833334,2.7916667,2.9166667,3.525,1.9375,2.5105357,,2.75,2.4041667,2.2222222,2.2222222,2.5625,2.0416667,3.6583333,2.625,2.875,,1.9583333,2.4583333,2.75,2.3083333,2.25,,1.59375,3.0625,2.25,1.5,3.01875,2.5333333,,2.1666667,0.625,2.125,3.1111111,2.7083333,,2.25,2.2708333,2.8888889,2.0992063,2.2333333,,2.4777778,3.2375,,,,,,2.625,,,,3.25,,3.0555556,,2.6666667,,3.3111111,4,3.3611111,,4.3333333,,,,,3.3333333,3.1666667,,,,,2.5833333,,3.5555556,4.625,,,,,3.5833333,3.6,,4.1458333,,3.6666667,,3.0138889,,,,,2.3125,,3.325,,3.7916667,,,,,,,,4.1083333,4,3.5,3.125,,,,,,4.3333333,,,3.7,3.7777778,4.375,3.5,3,,3.4166667,3.4444444,3.1666667,3.0555555,,3.7916667,,,,,,,,3.2111111,,3.625,,,,2.375,2.6,,3.2222222,,,,,,,,,,,,,,2.8333333,,,,,2.4166667,,,3.5,3.2075472,2.9615385,3,3.2,3.7173913,3.9831871,3.0416667,3.6041667,3.5925926,3,3.64,3.3666667,3.0454545,4.0416667,3.3037037,4.1,3.52,3.1222222,3.3055556,3.5569444,,4.3,3.18,3.3008798,3.4018148,3.5517974,1.939011,2.603481,2.9740389,2.62116,2.440393,2.404971,2.604762,2.623548,3.40625,2.0714,2.736426,2.672619,1.825758,2.879167,2.640203,2.560284,2.523809,2.965812,2.947917
126,United_Nations_Childrens_Fund,1,,,3.5704577,10,16.07%,2.3767046,16,26.79%,3.4302173,14,26.00%,3.1190476,3.1666667,,,3.6666667,,,,4.375,,3.4444444,,,5,3.4444444,,3.825,3.4166667,2.6785714,,,3.3333333,,,,4.3333333,3.5,,4.5555556,,,3.3333333,,3.5,2.625,,,2.9583333,,4.35,4.2666667,3.6944444,3.5625,,3.4375,,2.7708334,,,3,,2.625,,2.25,,3.8333333,3.4444444,,,,,3.4444444,,3.175,4.2222222,3.5555556,3.7777778,,2.9166667,,4.4166667,,3.5,,3.6666667,2.3333333,3.875,3.5333333,4.5,2.7916667,,3.4469697,4.7916667,3.7,3,,,3.7222222,4.25,,,,,,2.625,,3.8333333,,,,,,,2.5666667,,,,,,,2.5555555,,,,,,3.3888889,4.5,,,3.9285714,,3.8571428,5,,4.8333333,2.4305556,1.9375,,2.75,1.5178571,,2.0555556,,2.5,3.5,1.6666667,2.2333333,1.8888889,2.9166667,,2.3,2.7777777,2.3333333,2.5814394,,2.5,2.375,1.875,,,2.75,2.0625,,3,,1.9166667,1.5,,,2.2083333,,,2.0833333,,2.7777778,2.9357143,2.7083333,2,,2.6888889,2.25,2.3083333,1.8333333,,1.8625,,1.9583333,,2.2083334,2.3333333,2.125,2.8888889,,3.6666667,2.25,2.2,2.8333333,,3.2291667,1.875,2.25,2.4203297,2.8333333,2.9875,,2.05,,3.3388889,,2.5416667,1.7666667,2.7321429,1.9,2.7,1.6625,1.5833333,3.1277778,2.8333333,1.1666667,2.7,,2.3333333,2.4666667,2.125,,,3.1,1.1111111,2.1666667,1.625,2.375,3.3555556,,2.3055555,,1.7777778,4.2,1.9444445,1.975,,4.875,,2.8888889,2.5111111,,2.9,1.3333333,,1.6666667,,,0.72222223,2.7666667,,,2.6547619,,2.6875,1.05,,2.15,3.25,,,,,,,,,,,,,,,,2.6333333,2.9166667,3.2,,,,,,,,,,4.5,,,,,,,,,2.7777778,,4.4,4.2,,3.8888889,,,,3.825,,,,,,,3.8666667,,4,,,,,,,,3.75,,3.95,3.4666667,,,,3.5,,3.5833333,,,,4.125,,,2.25,,3.8030303,,3.125,,,,,,,,,,,,,3.75,,,,,3.875,,3.3333333,,,,,,,,,,,,,,3.3333333,,,3.1666667,,2.625,2.875,,3.8,3.1666667,,2.6,3.9166667,3.7,3.9121795,3.7610063,3.7173913,4.1176471,3.6363636,3.4545455,3,,,3.6363636,3.7142857,1.75,3.0769231,3.0625,4.06,,,3.1956522,3.3452381,3.3120219,3.8226231,1.7843137,2.3556548,2.9704286,2.624074,2.301754,2.585106,2.538461,2.007214,2,2.012427,2.628107,2.927632,1.730769,2.36,2.255208,2.362403,2.275,2.410714,3.380435
127,United_Nations_Development_Program,1,,,3.5732252,9,14.29%,2.6064124,9,14.29%,3.2834252,20,38.00%,3.2776515,3.3555556,,3.5,3.5625,,3.9166667,,3.7777778,4.3125,3.5833333,2.3333333,3.6833333,4.2222222,2.9345238,3.125,3.90625,3.5833333,3.1111111,3.9166667,4.5,3.4333333,4.4444444,,3.5,4.4333333,3.9666667,3.6666667,4.875,,3.0555556,3.4208333,2.625,2.8888889,3.55,,,3.9375,,3.7440476,3.5763889,3.5625,3.047619,2.75,4.125,3.3333333,3.5041667,3.2857143,3.4166667,2.8095238,,2.8444444,,3.2652778,,3.7321429,3.0416667,,3.5041667,3.7916667,4.2539682,4.0416667,4.25,3.6149802,3.1,3.4520833,3.5795455,4.3333333,4.0666667,3.4444444,4.5,,2.9761905,4.4333333,3.7777778,3.1458333,2.8000001,2.75,4.5,3.3583333,2.1875,3.6577381,4.5125,3.1666667,3.0972222,3.5555556,3.35,3.5625,4,,4.0833333,3.1666667,3.6666667,,2.6666667,4.0625,3.25,3,2.5,,3.375,3.3333333,3.5833334,3.2444445,3.325,4.125,2.9333333,3.625,4.1666667,3.875,2.7291667,3.7,3.5,2.1111111,2.75,,3.7222223,3.7083333,,,2.9111112,3.6666667,3.3,4.2083333,,3.85,2.6729167,2.7916667,2.3333333,2.875,2.9042208,2.1666667,2.7857143,1.6666667,2.7428571,3.05,2.7321429,2.475,2.4375,2.7777778,2.625,1.6666667,2.7738095,3.4791667,2.4463384,2.7777778,2.8,2.9142857,2.4583333,,2.575,3.7222222,2.95625,2.5,3.1333333,,2.625,2.6166667,1.9464286,2.85,2.9916667,,,2.7321429,2.7916667,3.3229167,2.2723485,2.7,1.9299242,2.7,3.5958333,1,2.8464286,2.625,2.3333333,2.0479167,1.8,2.7375,,2.2638889,2.3125,2.7982143,2.4166667,,2.3041667,3.0833334,3.55625,2.9166667,3.5,3.3580742,2.6071429,2.9095238,2.8978938,3.1666667,2.7232143,3.125,3.4583333,,2.65625,2.9888889,3.1666667,1.6875,2.2777777,1.8148148,2.5634921,2.3986742,2.8,2.9895833,3.3986111,2.0833333,2.7777778,3.5,2.6520833,2.5416667,2.7976191,2.6666667,3.95,2.7708333,1.6041667,2.9375,2.3285714,2.325,3.25,2.1111111,2.7083333,,2.1666667,3.3571429,1.75,2.397619,2.5625,3.125,1.9305556,2.6416667,2.8541667,2.2083333,3.0555556,2.5555555,2.5555556,1.7916667,0.625,,3.1666667,2.675,2.2777778,2.875,2.6375,3.9583333,2.74375,2.3958333,,2.8125,3.1666667,3.2,,,,,3.1875,,3,3.25,2.8,,3.0833333,3.2222222,3.1666667,,3.2083333,3.3333333,3.1833333,,3.75,2.625,2.4166667,,,3,3.1555555,,,,,3.2166667,,2.6944444,4,,,2.8125,,4.2,3.175,,3.8125,,3.5,,3.125,2.375,,3,,,,3.05,,3.5208333,,,3.1458333,,4.1,,,4.1428571,3.7777778,3.6041667,3.5444444,3.625,2.8333333,,3.7916667,,3.9,4,,,3.3125,,,2.95,3,3.8154762,3.0833333,,2.9722222,,3.6875,3.4333333,4.3555555,,,2.7291667,,,2.9375,2.5,3.5555556,,,,,3.1666667,,3.1944445,3.25,,3.375,3.75,4.2222222,,,3.625,,,,,,2.9166667,,,4.4166667,,3,3.9333333,,3.5,3.4364407,3.0277778,3.4354839,3.2222222,3.4411765,3.423913,3.3510638,3.826087,3.8619048,3.6875,3.8737288,3.2990196,3.4782609,3.1666667,3.2205882,4.1071429,3.6710526,3.62,3.6212121,3.7162162,2.1111111,3.1111111,3.4772727,3.3914138,3.5827216,3.5833002,2.5258858,2.6920357,2.813904,2.517222,2.522876,2.658761,2.089147,2.511988,2.875,2.043976,2.389692,2.443878,2.138177,2.816667,2.394265,2.693878,2.152778,2.997312,2.833333
128,United_States,,1,,3.2214713,24,41.07%,2.4716269,13,21.43%,3.2121385,23,44.00%,3.3822115,3.4625,,4.3333333,3.5333333,2.8333333,2.6666667,,2.8888889,4.3928571,,2.7777778,4.28125,4.75,2.3333333,3.3333333,3.5819444,3.1041667,2.0361111,3.6666667,4.0666667,3.5,,,2.7714286,2,3.5916667,,3.4416667,,3.6666667,2.6641026,2.0625,2.1388889,3.8595238,,,3.2291667,,2.5833333,3.8145658,2.7738095,3.4002525,4.2857143,,3.1481481,2.925,2.9131944,,3.2675824,,3.0708333,3.4,3.6312121,,3.985119,,,4.0645292,3.0333334,3.9196429,2.7,,3.3228681,3.6278388,3.4191729,3.5656566,,2.9916667,4,4.375,1.45,4.03125,3.6262626,3.9166667,2.452381,3.5297619,3.25,3.1153846,2.8416667,3.1964286,3.6989583,3.2857143,2.39375,3.3440476,,3.7333333,2.7145833,3.813447,,2.9583333,3.1541667,3.6666667,,2.4444444,3.875,2.875,,2.5,,2.1666667,2.5740741,3.3611111,2.9444445,,3.7222222,,,4.3,2.8333334,2.9,2.9166667,3.1666667,2.8333333,,,3.8888889,3.7685185,3.8888888,,2.85,2,2.8155303,3.6604167,,2.8571429,3.6050394,3.2604167,1.1666667,2.54375,3.0734649,3.35,2.0416667,1.625,2.8333333,3.3747294,,1.2222222,3.3730159,2.6,1.375,3.2178571,2.268263,2.5875,2.3044872,2.6444444,3.6442308,2.5833333,1.375,,2.8583333,0.33333334,2.8883929,,3.0011905,,2.2916667,2.5545455,2.2916667,2.2222222,3.3402908,,1.8333333,2.6079546,0.66666666,1.4583333,3.4769737,2.9786526,3.3572304,3.1666667,1.25,2.4625,3.3525641,3.184375,1.625,2.3220238,,2.6547878,2.325,3.2786245,2.827381,2.7604167,,,3.9235861,3.325,3.4340278,2.8333333,3.6666667,3.4461905,3.0301471,2.8827381,2.4303572,,2.7432845,3.125,2.3353175,0.83333333,3.5214749,3.0745614,3.5833333,2.046875,2.7361111,2.1666667,2.4791667,2.1488095,2.2333333,2.545614,2.5814951,2.1361111,3.1560439,0.66666666,3.3690476,2.5045455,3.1507898,4.1666667,2.6534091,2.4842033,1.2916667,1.8333333,2.534596,2.8958333,2.459596,,2.5375,2.1666667,2.125,3.2651515,2.4444444,1.6964286,3.2777778,3.3333333,1.2777778,3.3,2.6521645,1.2777778,2.6989583,2.0416666,1.5625,1.4761905,1.6,2.1666667,1.25,3.0774725,3.1079365,2.3125,2.103896,3.1875,2.1607143,2.6121212,,2.3461538,3.225,3.4125,,,3.4375,,2.1875,,,3.9,,,3.5666666,,,3,3.6666667,3.6777778,3.0416667,,4,,,,,,2.9166667,,3.3888889,,,2.9196429,,2.7238096,4.175,,,2.8125,,,3.8725524,3,3.2833333,,,,2.9791667,3.4166666,,2.6369048,,3.25,2.8333333,3.5971029,,3.5625,,,3.6746212,,3.4523809,,,3.58837,4.1666667,2.9693628,3.0178571,,,,3.6111111,,3.6492674,3.4444445,3.6666667,3.05,3.6666667,,2.9166667,2.625,3.1999999,3.1,2.25,2.234127,2.7361111,,3.8666667,3.5,3.4880952,,4.3928571,2.6607143,,,3.5625,3.6666667,3,,3,,3.4444444,3.2592593,,,,,,,3.9666667,,2.75,,,,,,,3.2111111,4,,3.4,,2.25,3.6333333,,,3.1299564,3.1604938,3.3834014,3.2958333,3.6940476,3.4812802,3.082971,3.0138889,3.0807692,3,3.30125,3.1018556,3.4404762,4.1208333,3.1957191,2.9888889,3.2929215,3.4389234,3.03331,3.4602591,3.3166667,3.7846154,3.2995727,3.2199394,3.2641257,3.3152657,2.3213272,2.4031146,2.4893125,2.549505,2.423592,2.324839,2.328723,2.577891,2.535714,2.153613,2.366401,2.396024,2.60322,2.390873,2.30954,2.42284,2.237374,3.032269,2.551724
132,Venezuela,,,1,2.5337037,48,83.93%,1.4731746,46,80.36%,2.6833333,44,86.00%,,,,,,,,,2.7,,,,,,,,,,,,,,,,,,,,,,,,,,,,,,,,,,,,,,2.5555556,,,,,,,,,,,,,,,,,,,,,,,,,,,,,,,,,,,,,,,,,,,,,,,,,,,,,,,,,,,,,,,,,,,,,,,,,,,,,,,,,,,,,,,,0.80000002,,,,,,,,,,,,,,,,,,,,,,,2.0833334,,,,,,,,,,,,,,,2.3809524,,,,,,,,,,,,,,,,,,,,,,,,,,,,,,,,,,,,,,,,,,,,,,,,,,,,,,,,,,,,,,,,,,,,,,,,,,,,,,,,,,,,,,,,,,,,,,,,,,,,,,,,,,,,,,,,,,,,,,,,,,,,,,,,,,,,,,,,,,,,,,,,,,,,,,,,,,,,,,,,,,,,,,,,,,,,,,,,,,,,,,,,,,,,,,,,,,,,,,,,,,,,,,3.5833333,,,,,,,,,,,,,,,,,,,,,,,2.4444444,2.5555556,,1.6547619,1.2916667,,,,,,1.875,,0.7857143,,,,,,,,,
136,World_Bank,1,,,3.6967885,5,7.14%,3.2073436,1,0.00%,3.60194,5,8.00%,3.9255952,4.4126984,,3.9666667,3.3916667,3.8333333,3.6,,4.0625,3.7083333,4.0666667,2.3888889,3.5,4.1666667,2.6333333,4.1666667,3.9645833,4.0833333,2.84375,3.0666667,4.5,4.3333333,3.6666667,,3.7777778,3.6875,3.875,3.5,3.875,,4.0555556,3.3916667,,2.3625,4.5,,,4.05,,3.4583333,4.2083333,3.1160714,2.7583333,3.2083333,4.2083333,2.8333333,4.0257936,3.1726191,3.4888889,3.7055555,,3.9583333,4.3472222,3.9586004,,3.8630952,2.875,,3.797619,3.6666667,4.0555556,4.375,4.6666667,3.8435315,4.225,3.75,3.9853535,3.75,3.8,,3.9375,,4.1375,3.7708334,4.1111111,3.4136905,4.3035714,3.25,4,3.8270833,2.4583333,3.7878788,4.3541667,3.5357143,3.3392857,,3.7916667,3.4097222,4.2777778,,3.7222222,4.5111111,4.0833333,,2.7916667,4.825,4.75,3.1666667,,,3.8333333,3.8333333,3.875,3.3333333,,4.1111111,2.7333333,4.3333333,4.6060606,4.0833333,2.7083333,3.3333333,3.375,3.8333333,2.76875,,3.125,3.9761905,,,4.4583333,3.5,4.0922619,4.0817308,,4,3.6339015,3.6865079,,2.8125,3.7310606,3.3416667,3.5277778,3.25,3.3333333,3.6928571,3,2.2708333,3.73125,2.6666667,2.0875,3.0833333,3.8214286,3.2416667,3.1496212,3.75,3.75,3.7,3.4375,,2.3,3.8333333,3.7782738,3.2291667,3.9916667,,2.6875,3.7242965,1.1666667,2.9916667,3.0041667,,,3.0375,,3.8928571,3.8071429,4.3392857,3.0625,3.8492064,4.0208333,3.3125,3.7467949,3.1964286,3.125,3.3492424,,2.6083333,3.1770833,3.1051587,3.5,3.8854167,3.3333333,,3.3486111,2.5,3.8541667,3.4375,4.5,3.9342949,3.275,3.9291667,3.7943376,3,4.1583333,,3.4011905,,4.1132576,3.25,3.6666667,3.8444444,3.5416667,1.875,2.7083333,3.3455128,3.3875,3.3541667,3.9807692,2.4301587,3.7416667,3.6666667,3.4928571,3.2125,3.6678571,,2.8888889,3.8333333,3.5375,2.8125,3.49375,3.3958333,4.1678571,3.5,2.7083333,1.625,2.375,3.9444444,3.6071429,3.4833333,,3.4166667,2.4583333,4.1261905,3.9083333,1.625,2.9184524,3.3666667,3.5,4.0297619,2.6041667,,2.3333333,4.0618687,2.8333333,2.5833333,2.7678571,3.75,3.5555555,3.5011029,,3.0833333,3.6888889,3.547619,,3.5833333,3.975,4.1666667,3.2083333,,,4.0555555,3.7222222,,3.5,3,2.375,3.3333333,3.5416667,3.9375,3.7549603,3.6388889,3.8333333,4.25,3.25,,,4.25,4.2833333,4.0555555,3.5,,3.3333333,4.0277778,,2.5,3.875,,,3.4083333,,3.825,4.0238095,4.1125,3.5625,4.625,4.125,,3.9196429,3.5833333,,3.2166667,,2.5833333,4.2777778,3.5079365,,4.0666667,,,3.7708333,,3.4,,,4.0604167,3.6797619,3.875,3.7625,3.625,3.6809524,,3.7625,,4.5,3.8125,,3.9166667,3.9583333,,3.5,3.3333333,3.5625,3.9583333,3.25,2.4166667,3.5666667,,3.5666667,3.8541667,4.3650794,,4.5,4.2722222,3.9791667,,3.2916667,3.875,4.2916667,3.4666667,,,2.5833333,3.8333333,4.375,3.25,,,,3.7916667,4.3095238,3.125,3.6666667,4,3.6666667,3.6428571,3.1458333,,,3.7559524,,,3.5833333,,3.5270833,3.4583333,,2.3333334,4.0411255,4.1931818,3.9490741,3.7152778,3.9814815,3.8622549,3.9438776,3.5,4.0047619,3.6875,3.6024306,3.64375,3.8928571,3.2333333,3.7267081,3.8888889,3.4054989,3.0769231,3.5527211,3.2569444,3.3666667,3.3571429,4.0715152,3.9250026,3.5796996,3.7610347,3.5471735,3.1849833,3.4568955,3.190892,3.104501,2.980159,3.418333,3.469705,3.033333,3.417862,3.277106,3.239158,3.103261,3.275157,3.504725,3.293785,3.382353,3.568182,3.203333
