CountryID,Q14_PD1,Q14_PD2,Q14_PD3,Q14_PD4,Q14_PD5,Q14_PD6,Q14_PD7,Q14_PD8,Q14_PD9,Q14_PD10,Q14_PD11,Q14_PD12,Q14_PD13,Q14_PD14,Q14_PD15,Q14_PD16,Q14_PD17,Q14_PD18,Q14_PD19,Q14_PD20,Q14_PD21,Q14_PD22,Q14_PD23,Q14_PD24,Q21_PD1,Q21_PD2,Q21_PD3,Q21_PD4,Q21_PD5,Q21_PD6,Q21_PD7,Q21_PD8,Q21_PD9,Q21_PD10,Q21_PD11,Q21_PD12,Q21_PD13,Q21_PD14,Q21_PD15,Q21_PD16,Q21_PD17,Q21_PD18,Q21_PD19,Q21_PD20,Q21_PD21,Q21_PD22,Q21_PD23,Q21_PD24,Q25_PD1,Q25_PD2,Q25_PD3,Q25_PD4,Q25_PD5,Q25_PD6,Q25_PD7,Q25_PD8,Q25_PD9,Q25_PD10,Q25_PD11,Q25_PD12,Q25_PD13,Q25_PD14,Q25_PD15,Q25_PD16,Q25_PD17,Q25_PD18,Q25_PD19,Q25_PD20,Q25_PD21,Q25_PD22,Q25_PD23,Q25_PD24,Q21_PT1,Q21_PT2,Q21_PT3,Q21_PT4,Q21_PT5,Q21_PT6,Q21_PT7,Q21_PT8,Q21_PT9,Q21_PT10,Q21_PT11,Q21_PT12,Q21_PT13,Q21_PT14,Q21_PT15,Q21_PT16,AidDataID,orgname
1,3.375,,5,2.202206,3.736842,3.148438,3.281145,,2.733333,4,4.166667,3.301587,2.478261,,3.323958,5,2.964962,,3.670076,2.1,3.216667,3.25,3.296903,,2.75,,5,3.2,4.75,3.633929,2.181944,3.4,2.75,3,1.416667,2.548077,2.386667,,2.614352,2.383333,2.581842,3.040404,3.145903,2.473005,2.19697,1.916667,3.020901,2.449495,3.5,,,3.046296,5,3.97301,2.666667,3.8,,3.5,1.8,3.144841,3.2,,4.069047,,2.60303,,3.130159,1.308333,3.2,2.4,3.221905,,2.764707,2.37846,2.333392,3.185185,3.101999,2,3.072772,2.734384,3.456746,3.069444,2.264731,2.768094,2.888889,1.948864,3.242857,3.237516,110593434,Islamic Republic of Afghanistan
2,2.954545,5,,3.140909,3.666667,,3.479167,,,3.375,5,3,,,,,5,,3,3.608333,,,,,2.045455,3,,3.276431,2.2,4,4.166667,,,1.791667,3.777778,2.75,,,,2,3.527972,2.225,4,2.753333,2.5,,,2.541667,3.363636,4,,4.444445,4,,4.125,,,3.5,3.5,4,,,,,4.3,,2.5,4,,,,,2.759259,2.800855,2.2,2.35,3.062879,2.266667,3.575758,3.333333,3.6,,2.2,2.2,,,3.125,2.333333,110593620,Republic of Albania
3,,,,,,,,2.625,4.6,4,3.666667,,1.666667,,3.916667,,,,,,,,,1,,,0.1428571,,,,,2,2.666667,3.25,2.6875,,2,,,,,1,,,,,,1.866667,,,,,,,,2.666667,,3,3.5,,2,,3.666667,,,,,,,,,,0.1428571,,2,,0,,,2,,,,3.25,1.4,,,,110593623,People’s Democratic Republic of Algeria
4,2.719298,2.633333,,,5,,,,4.428571,1,5,,,3,,,,,2,,,,3.625,1,1.9375,1.3,,,4.285714,2.8,,,3.240476,,4,3.5,,2.166667,,2.333333,1.476974,2.2,,,,,0.625,2.933333,2.4,3.222222,,,3.5,,,,4,,,,,3.5,,,,,,,,,3.4,3,3.291667,2.866667,3.308333,0.625,1.289474,2.333333,1.125,3.309524,1.75,,,2.488537,2.333333,,,3,110593626,Republic of Angola
5,4.222222,,3.333333,3.5,,,4.5,1.428571,,,,2.661111,,,4.416667,,,,2.325397,4.571429,,,,3.566667,1.847826,3.5,4.023809,3.407029,,,1,,3.75,,2.375,3.625,,,3.666667,3.142857,3.714286,2.566988,1.583333,,,,,2.216162,,,5,,,,,,,,,3.916667,,,3.5,,,,3.5,,,,,2.676282,3.541667,3.251984,3.092172,5,2.688305,1,2.530228,1,,3.6,3.666667,2.111111,3.124979,2.446429,,,110593713,Republic of Armenia
6,,1.652174,,1.545455,,4,4.461538,,5,5,,,,,,,,,,,,,,3.714286,,1,3.108696,1.356061,0.6470588,4,1,,4.5,3,,,,,2.4,1,3.642857,3.333333,,,,,2.866667,,,3.8,,1.333333,,3.833333,,,4.5,5,,,,,,,,,,,,,,,4,2.5,4.5,3.285714,1.87114,,1,4,,,,2.666667,2.166667,2.166667,,,110593695,Republic of Azerbaijan
7,2.9375,4.016667,3.583333,,,,3.737374,,4.3,,4,3.5,,,,,2.318681,,3.386364,,,3.166667,,2.269231,2.9375,2.683333,1.75,1.375,,3.714286,2.800673,,2.561905,,4,2.083333,,,,,2.288462,2.75,3.316017,2.818713,,1.166667,2.928571,2.59276,2.854167,2.791667,2.25,,,,2.717424,,2.444444,,3,3,,,,,2.589286,,2.266667,,,2.333333,,2.730769,3.389755,2,3.166667,3.261905,3.399123,2.340659,2.808333,2.816017,2.857143,2.142857,2.498377,2.928571,2.36014,2.162338,,,110593680,People's Republic of Bangladesh
8,,,,,4,4.5,,,,,,,,5,,,3,,,,,,,,,,,2.3,2.5,3,,,,,,,,3.333333,,,3,0.4545455,,,,,,,,,,,4.5,3.333333,,,,,,,,,,,4,,,,,,,,,1.2,,,3,,2.5,,,0.4545455,,,,,,1.2,110593621,Republic of Belarus
9,,3.4,,,2.5,3.991342,5,5,,,3.5,2.111111,,,4.090909,,,,,,,,3.722222,2.823529,,2.283333,,2,2.4,2.981818,3.857143,5,,,2.348214,1.571429,,,3.666667,,,,,,,,2.722222,2.793103,,2,,,3,3.833333,5,3,,,2.666667,3.333333,,,3.5,,,,,,,,4,3.153846,2.138826,2.627778,4.178572,,2.483716,,3.666667,2.3,,,3.035714,2.035714,,,3.25,,110593729,Belize
10,5,,,,5,4.285714,,,,,,,,,4.75,,,,5,,,,1.428571,5,3.295455,,,,3.916667,2.276786,,,,,3.333333,,,3.4,2.914773,,3.267857,3,3.25,,,,2.974644,2.583333,4.25,,,,3.444444,2.828571,,,,,,,,,3.819048,,,,4,,,,,5,2.9954,3.4,3.4,,2.157143,3.4,3.333333,2.6875,,,2.3,3.259335,3.4,3.4,,,110593675,Republic of Benin
11,,4.75,3.5,,2.666667,,3.571429,4,4.083333,,3.373214,2.6,2.335165,,3.1,,,,,1,,,4.5,,,3.333333,3,,3.333333,1.214286,2.130952,3.333333,2.733333,,2.519048,2.4,1.903846,,2.428571,,,,,,,,2.611111,,,4.333333,2.5,,4,,4.5,3.333333,4,,2.805556,4,3.833333,,3.285714,,,,,,,,3.916667,,2.273571,3.226923,,2.222222,,,1.214286,1.345238,1.571429,,2.611111,,2.666667,,,3.333333,110593710,Kingdom of Bhutan
12,,,,,,1,,,2.214286,,,1.916667,2,,,,2.920635,,,3.333333,,,,2.769231,2.13125,0,,,,2.185185,0,,2.773809,,0.5,1.557292,,,0,,0.5,2.136364,3.416667,2.284091,,,,0.9791667,,,,,,1,,,3.222222,,,2,,,,,1.2,,,3,,,,,2.310185,,1.130682,0,1.735795,,1.55,2,3.37037,0,,0.5,,,2.75,,110593721,Plurinational State of Bolivia
13,,,4.5,3.7,2.357143,3.388889,3.5,,,3.857143,4.111111,,4.25,,,3,,1.333333,4.777778,1.412088,1.8,,4.833333,,3.775,,2.833333,1.908333,2.714286,2.65,2.8,,,2.428571,2.894444,,4.083333,,,3,3,2.017949,2.734127,1.931013,3.571429,,,2.5625,,,,4,4.666667,3.25,2.5,,,3.142857,3.3,,4.75,,,3,,1.181818,4,1.708333,4,,,,2.7,3.209524,,1.266667,1.858974,,3.2,2.773932,1.633333,2,2.769444,2.173077,,3.9,,2.8,110593468,Bosnia and Herzegovina
14,3.416667,,4,,,4.416667,3.541667,,,2,3.5,,,,,,5,,,,,,,,2.583333,,3.333333,,,1.768519,2.270833,,,0,,,,,,,3,,,,,,,,3.25,,4,,,2.75,3.25,,,,,,,,,,,,,,,,,,3.315972,2.5,3.458333,,3,,3.666667,1.305556,,,,2.5,,,,,110593627,Republic of Botswana
15,,2.958333,3.125,3,,1.666667,,4,,1,3.5,1.666667,1,,,,,,3.8,,,,2.595238,1.486111,,0.25,3.625,1.5,,0.2,0.3333333,,,2,2.5,0,,,,,1,,2.865385,,,,1.642857,0.7886904,,1,3.8,,,1,,3,,,1.875,,,,,,,,2.75,,,,2,3,0.1666667,3.230769,0,,1.111111,,0,1,0.5,1.25,,0.7,3,,,,75,Federative Republic of Brazil
16,,,,3.766506,1.678571,5,3.6875,,5,,,,,,,,4.5,,,2,,4,4.25,2.083333,3.6,,,2.995169,2.107143,,3.444444,1.125,2.902778,,,,,,,,3.833333,4.428571,,2,,2.666667,3.083333,1,,,,3.416667,,,3.25,,2.833333,,,,,,,,4,,,3,,5,3.5,4,2.869565,3.666667,3.833333,,2.988268,,2.888889,4.333333,2.666667,2.744177,,3.111111,,,2,3.666667,110593472,Republic of Bulgaria
17,2.874126,,,4,,3.737892,2.563492,5,,5,3.559259,2.888889,2.714286,,5,3.75,2.555556,,,3.75,,,,,2.300699,0.5,,2.777778,,2.857234,3.4,2.571429,,2.5,2.47037,3.071429,3,3,3,,1.611111,,,2.628572,,,,2.442308,3.140476,,,4,,2.928571,3.1,4,,2.666667,3.523809,3.388889,3.666667,,4.333333,,3,,,2.5,,,,2.666667,3.043056,3.4,3,2.082417,2.573362,2.785714,2.066433,2.947253,2.933333,,,2.768687,2.571429,,2.535714,3.223214,110593718,Burkina Faso
18,4.092593,5,,,,3.696429,1.9375,,,,,3.285714,,,3.44,,2.714286,,,2.5,,,,3.107143,3.555556,3.5,,,,2.421429,2.625,,,,3.5,,,,3,,2.23873,3.857143,,2.357955,1,,2.909091,1.912338,3.947368,3.5,,,,3.875,2.875,,,,,,,,3.6,,3.6,,,4,,,,3.3,2.938636,1.495238,2.222222,3.208333,2.878087,,3.276575,1.2,2.642857,,3.333333,2.407143,2.285714,,2.632576,,110593628,Republic of Burundi
19,,4,3.494444,2.027778,1.928571,2.816667,3.666667,4.5,4,,2.2,,3.5,,2.875,2.597727,2.857143,2.428571,2.382353,,,,2.552941,,1.666667,3,2.315825,2.291667,2.642857,2.660315,2.927551,4.5,5,,2.39,2.171919,2.75,2.588889,2.829412,2.316821,3.071429,1.660985,3.423077,3,,3,2.411765,0.9166667,,3,3.685714,3,3.384615,2.995,3,4.25,5,,4,,4.5,,3.410256,3.042857,3,,4.125,,,3,3.088889,,3.116236,1.647059,1.451389,2.722222,2.134169,,2.525754,2.404339,2.972222,,2.066667,2.818022,2.905252,1.916667,,4.5,110593674,Kingdom of Cambodia
20,3.6875,,,3.916667,3.636364,,,,,,,1,5,,,,5,4,4.25,,4.5,2.75,,2,2.727273,,,3.551587,3.441176,3.182773,,,0.3333333,,2.857143,1.55,2.714286,,,,2.259091,2.25,1.25,,3.111111,3.431818,,,3.75,,,4.25,3.033333,,,,,,,1.555556,3.25,,,,,4,4.25,,4.2,3.638889,,,,1,1.813725,,2.546897,,3.276144,1.25,2.1,,,2.285714,2.714286,,,2.857143,110593629,Republic of Cameroon
21,,,,,,,,,4.5,,,4,,,,,,,4,3.222222,,,5,3.680556,,,,,,,,3.333333,3.5,,,5,,,2.26087,,,,1.411765,3.333333,,,2.666667,3.708781,,,,,,,,,3.666667,,,4,,,,,,,4.714286,3.555556,,,4,3.738095,3.364734,1.791667,1.791667,4.25,,,,3.833333,,3.020833,,1.684211,,,,,110593630,Republic of Cape Verde
22,4.204762,,,2.5,1.818182,3.845454,,,,,,3.411765,,,,,,,,,,,,5,3.08125,,,2.285714,1.333333,3.380952,,,,,,1.823529,,,,,,3.219048,,2.833333,,,,2.571429,3.952381,,,3.428571,1.75,3.904762,,,,,,2.25,,,,,,,,,,,,3.25,2.744048,2.833333,2.095238,,3.092857,,,3.8,3.7125,,2.833333,3.236508,3.071429,,2.685714,,110593438,Central African Republic
23,4.5,,,,,2.607143,3.25,,,,4.625,,,,,,,,3.6,,,,3.333333,,4.5,,,,2.285714,1.714286,3,,,,4.75,1,,,,,,4.2,1.9,,,,2.333333,,4.333333,,,,,2.666667,3.4,,,,5,,,,,,,,1.857143,,,,1.5,,,,4.75,,2.575,,2.5,1.807143,1,,,2.033333,1.270833,,2,,110593631,Republic of Chad
24,,,3,,,3.25,,,,,,,,,,,,,,3.333333,,,,2.5,1.333333,,2.583333,,,,,,,,,,,,,,,,,3.333333,,,,1.75,,,1.8,,,,,,,,,,,,,,,,,4,,,,2,1.333333,,,,2.083333,,,,,,,,,,,,110593672,People's Republic of China
25,3.25,5,2,,,3,2.724359,,2.857143,,,3,,,,1,,,5,4,,,,1.285714,2.375,0.3333333,3.5,,,,0.7802198,,2.357143,3.428571,,2.857143,,,,,2.375,2.527778,0,,,,,3.045833,3.8,,4,,,,2.909091,,,,,,,,,,,,,,,,,,2.714286,,1.891827,,2.574107,,1.71875,0.5714286,,,,,,4,3.199248,,76,Republic of Colombia
26,4,5,,,4.3125,,,,,,3.769726,2.9,,1,,,,,,,,,3,3.3,3.033333,5,,,,,,,,,2.679762,2.2,,0,,,,,,,,,3,4.3,3.666667,2.333333,,,,,,,,,3.25,3.111111,,,,,,,,,,,5,3.5,2.264286,2.2,4,,5,,3.333333,2.2,3,,,2.589286,,,,,110593632,Union of Comoros
27,,3,1.266667,,3.22134,4.097902,,,,,3.208333,3.7,2,,,3.5,3,3.647436,3.666667,,,,2.3,,,2.623377,0.7333333,,2.358907,3.09233,3,1.75,1.666667,,3.255556,2.733333,2.75,,2,2.916667,3.248538,2.731405,,1.733333,,,,,,4,2,,3.555556,3.409091,,,,,2.5625,2.833333,5,,2.333333,3.333333,3.7,3.2,,,,,,,2.731061,,2.852381,2.642857,2.756244,,2.747024,3,2,2.5,2.629464,3.753788,3.166667,,2.555952,2.657407,110593466,Democratic Republic of Congo
28,,,,,,4.083333,,,,,,,4,,,,3.5,,,,,3.25,4,1.592593,,,,,1,2.75,1,,,,,,,,,,2.821429,,,,,3,1.5,2.322751,,,,,,3.090909,,,,,,,,,,,3.5,,,,,5,5,2.166667,2.458333,,,1.5,2.518518,,,1.875,,1.5,,3.5,3.5,2.857143,,,110593671,Republic of Congo
29,3,,,,4.230769,4.625,,,,,,,,,4,,,,,,,,3.9375,,2.842857,,4,,2.55,1.8125,4.333333,,,,,,,,4.5,,,3.307692,,,3.538461,,2.882353,,4.260417,,,,4.333333,4.166667,,,,,,,,,3.75,,,,,,,,,,2.684524,2.125,,,2.614469,,2.276923,3.604167,2.166667,,4,,,,3.03953,,110593618,Republic of Côte D'Ivoire
30,,,,,,,,,,,,,,,,,,,,,,,,,,,,,,0.875,,,,,,,,,,,,,,,,,,0.8809524,,,,,,,,,,,,,,,,,,,,,,,,,0.875,,,,,,,,,,,,,,,,110593703,Republic of Cuba
31,3.45,4.142857,4.833333,4.285714,,,,,,,,,,2.571429,,,,,,,,,4,2,2.809615,3.571429,3,1.7,,,1.142857,,,,,,,1.571429,,,,,,,,,2.5,,3.714286,3.6,4,4,,,,,,,,,,,,,,,,,,,2.5,,1.852679,3,,2.85,2.0625,,3.571429,1.142857,1.142857,1.571429,2.85,2.769231,,,,,110593700,Republic of Djibouti
32,2.895833,3.252874,2.159844,2.75,,2.5,2.428571,3.2,4.083333,,2.73913,,,2.333333,,3.805556,2.333333,3,2.666667,,,,4.0625,,3.6875,3.955556,1.094444,2.824405,,2.375,3.261905,2.6,3.694444,,3.304348,2.625,,2.333333,,2.833333,4,0,2.833333,2.142857,,,2.232143,,3.8125,4.619048,2.944444,5,,3.5,4,3.166667,3.833333,,3.6875,,,2.5,,3.283333,4,,2.666667,,,,2.716667,,3.236111,1.465368,2.777778,3.444444,2.499702,,2.308928,1.333333,2.909722,2,2.558424,3.383333,0.6818182,3.666667,,,110593725,Dominican Republic
33,4.166667,1,3.222222,,1.5,2.857143,,,,,2,,1.090909,,2.833333,,2.5,,2.369231,2,1,,,2,1.619048,1.202381,1.333333,,0.5833333,2.18254,2.666667,,,,1.5,,,,1.1,,0.5,,1.446154,,1.5,,,1.923077,3.666667,,1.5,,2.333333,4.5,,,,,2.25,,,,3.666667,,2,,2.666667,,2.333333,,,,1.474359,,3.5,3.5,,,1.363248,,,,1.692308,2.183333,2.666667,,,,110593717,Republic of Ecuador
34,2.466667,1.4375,2,2.5,,1.2,2.673341,,,,3.233333,3,,,2.5,,5,3,2.811275,,,,,1.857143,2.486111,1.959821,,4,3.411765,2.75,2.069603,,,,3.194444,,,,2.5,,4,2.8,1.644608,,,,,1.428571,2.541667,3,,2.666667,,,2.91875,,,,3.101191,,,,4,,4,,3.25,,,,,1.4,2.666667,3.5,0.7058824,,3.428571,3.5,2.26087,0.9823271,,3.705882,3.222222,2.5,,2.444444,,3.5,67524742,Arab Republic of Egypt
35,4.75,,1.909091,4.125,3.020202,,2.2,,3.327731,5,4.5,3.511905,,,,,,2,2.333333,2.677885,,,4.333333,2.539474,,,4.727273,1.9125,2.447811,2.505037,3.1,,3.044907,4.666667,3.3,3.669643,,,,3.142857,,3.030702,3.666667,2.138278,,,3.333333,2.584795,,,,4.25,3.083333,,2.833333,,3.656818,5,4.5,5,,,,,,5,3,3.611111,,,4,4.428571,2.156014,1.857143,,3.714286,1.427273,,2.61039,4.666667,3.625,2.066628,,3.1,2.671053,,2.739938,,110593726,Republic of El Salvador
36,,,,,,,,,,,2.2,,,,,,,,,,,,,,,,,,,,,,,,2.8,,,,,,,,,,,,,,,,,,,,,,,,3.333333,,,,,,,,,,,,,,2,,,,,,2,,,,,,,,,,110593491,Republic of Equatorial Guinea
37,,,,3,,5,,,,,,,,,,,,,,,,,,,,,,1.8,,3.038462,,,,,4,0.4,,,,,,,,,,,,,,,,2.2,,4,,,,,,,,,,,,,,,,,,,2.501961,,,3.428571,,,2.252747,1.076923,,,,,,,,,110593714,State of Eritrea
38,3.031746,,3.75,,,1.958333,,,4,2.333333,,3.294118,,,,,4.111111,,5,3.071429,,,3.090909,3.769231,1.619048,,1.2,2.855556,,2.547381,,,2.825397,1.333333,,1.666667,,,,2.958333,2.7,2.660256,4.041667,2.076923,,,2.375,2.407407,2.761905,,,,,3.542857,,,3.75,2,,,,,,,2.285714,,3.5,2.285714,,,4.714286,3.375,2.993759,1.892857,2.204762,2.5,2.933333,,2.806746,2.831878,2.5,2.266667,1.2,2.635958,2.153846,,2.183303,,110593677,Federal Democratic Republic of Ethiopia
39,,,,,,3.904762,2,,,,3.4,,4.857143,,,,,,,,,,,,,,0,,1.545455,1.5,2.714286,,,,3.6,,3,,,,1,1.5625,,,,,1,,,,,,,3.558333,5,,,,3.125,,3.333333,,,,,,,,,,,,2.714286,3.1,,4,1,,,1.3,2.65,,,1.731818,1.3,,3.285714,,110593624,Republic of Fiji
40,2.5,,2.125,,,3.804762,3.375,3.375,,,4.75,5,,,,,,,3.425,,,,3.666667,3.8125,4,,2.375,,,3.892857,1.864197,3.625,,,2.875,3.625,,,,,,,3.25,,,,3.703704,1.624868,,,3.571429,,,4.5,4.3,3.5,,,3.5,3.2,,,,,,,4.5,,,,4.333333,,2.888889,2.644676,3.625,3.181878,1.7,0.7037037,3.222222,3.396825,3.25,,,2.8125,,3.0625,,0.7037037,110593678,Republic of Gambia
41,4,4.1875,,,2.796569,4.2,3.75,,3.954545,,3.1,3.625,,3.95,2.982143,3.272727,2,4.071428,2,3.780952,,,2.93766,3.453968,3.5,3.555556,,2.488095,0,2.918519,3.380952,,1.79798,,4.083333,2.75,,3.833333,2.995714,2,2.912699,3.245036,2.166667,3.642857,,,3.188133,3.352083,5,3.5,,,2.625,4.159544,3.4,,3.958333,,4.5,4,,2.666667,4.611111,3.75,3,4.175,3.5,4.1875,,,3.8125,3.964286,3.211397,2.630952,2.833333,3.074074,3.529335,,3.334127,3.394697,3.5,2.75,,3.088607,3.375,,,2.4,110593712,Georgia
42,2.987097,,,4.3125,,3.980952,2.5,,4.833333,,,3.15,4,4,3.375,,2.666667,,4.25,,,,2.5,4,2.61927,,1.75,3.875,,3.17207,2.626984,2.444444,3.4,5,,3.043135,3,3.5,2.5,,,4,4.25,,,,3.166667,,3.08046,,,3.833333,,4.055556,2.5,,4.75,,,3.05,3,3.5,4.166667,,,,3.6,,,,3.25,3.333333,3.50873,3.75,3.1875,2.977273,2.342592,,2.65325,2.388645,2.75,3.875,2.666667,2.122186,2.607143,2.777778,,3.194444,110593681,Republic of Ghana
43,4,2.8,3.589286,1.083333,1.5,2.083333,2.75,,4.2,4,4.333333,,,,2.333333,,4.266666,,3.17089,3.829545,2.8,,,2.4,3.6,,2.285714,0.3333333,3,0,1.785714,,3.5,2.75,2.916667,,,,1.333333,,2.57,,3.180322,3.589048,3,,,2.922807,5,,3.261905,1.25,1.5,,3.25,,3.6,4,4,,,,1,,4.222222,,3.285714,3.65,3,,,2.5,3.195455,2.36676,2.805882,2.892857,3.858333,2.166667,1.908553,2.925,4,,2.670046,3.054112,3.142857,,3.618182,,110593707,Republic of Guatemala
44,3.598485,2.509091,,,,3.386364,,,,,,,3.428571,,,,4,,,,,,4.25,2,2.90404,2.108333,2.888889,,1.555556,1.909091,,,,,,,,,,,0.3333333,3.767857,,,,,3.375,4.4,4,3.25,,,,,,,,,,5,,,,,3.5,,,,,,4.75,,3.25,3.087037,,3.375,,,,,,,3.2,4.45,,,,,110593481,Republic of Guinea
45,3.009524,,,5,,4,2.75,,3.833333,,4.3,,,,,,,2,3.5,,5,,,,2.588095,,,4,,4.416667,2.25,,3,,3.083333,,,,,3.75,,2.888889,,,4,,,,3.6,,,4.5,,3.666667,3.4375,,3.8,,,,,,,,,3.5,3,,4.25,,,,3.6875,3.875,4.416667,2,2.919643,,3.6875,4,,,,3.465278,,,,,110593683,Republic of Guinea-Bissau
46,3.444444,,4.142857,2.583333,1.428571,1.6,,,5,,3.46875,,,,,,,,,,,,,,2,,,3.333333,2.625,2.794118,1,,2.9375,1,4.125,3.375,,,,,,2.251316,,,,,,1.9,3,,,1.5,4,4.333333,,,4.5,,4.636364,2,,,,,,,,,,,,,1.794118,1.986111,1.4,3,3.011111,,1.2,,,2.041667,1.166667,3.178309,1.166667,2.75,1.8875,2.05,110593716,Cooperative Republic of Guyana
47,3.353086,,3.833333,2.944445,,2.1,4.416667,,2.7,,2.722222,3,2.875,,3.214286,3.363636,3.166667,3.5,,3.13,,,5,4,2.633428,2.5,2.888889,3.3,,2.800794,3.75,,2.829167,,2.583333,1.722222,,,3.111607,2.454545,3.666667,3.171052,,2.3,,,2.833333,1,3.238889,,2.75,4.125,,3.257143,3.846154,,3,,2.683333,4,3,,3.5,3,3.916667,,,3.086667,,,4,,2.944914,3,2.583333,2.946429,2.552068,2.958333,2.886158,2.568813,2.5,2,2.702597,2.643691,3.025,,3.282353,,110593708,Republic of Haiti
48,2.863636,3.6875,2.181818,,2.4,4.352941,1,,1.925,,1,3.357143,,2,3.857143,,2.633333,,1.833333,2.714286,,,4.458333,1.571429,2.823636,3.1875,2,0.8333333,,2,3,,1.627778,,,2.589286,,0,2.6,1.8,3.75,3.307692,1.666667,4.6,,,2.286111,2.047619,4,4.75,4.75,,,4.142857,3,,3.675,,,3,,0.6666667,,,,,4.666667,,,,4.125,3,2.855769,5,2.958333,3.781287,3.08125,3.384615,2.201042,2.297619,,2.25,2.8,2.229167,2.936966,1.428571,2.4,,110593642,Republic of Honduras
49,2.72807,,,,,3.285714,,,,,3.15,,,,3.9,,2.333333,,,,,,,,1.819549,,,,,3.428571,,,,,1.916667,,2.217391,,2.8,,2,,,,,,,,3.083333,,,,,3.666667,,,,,2.6,,,,3.5,,3.5,,,,,,,,3.428571,1.428571,2.095238,2,,,2.25782,3.428571,2.65,3.857143,3.333333,1.916667,3.428571,,,,4653485,Republic of India
50,2.9,,2,,,3.507576,4.5,,3,,2.424026,2.466667,3,,3.060606,4,3.428571,4,3.5,3.6,,2.4,2.425,3.5625,2.805556,,,3.25,,2.79596,2.952381,,2.680556,2.142857,2.323701,2.136364,2,,2.266317,2.333333,2.609154,2.305556,2.5625,2.554762,,1.2,1.3,2.583333,3.75,,,,,2.912699,3.541667,,3.5,,2.600649,3.285714,,,3.270833,3,3.541667,3,2.964286,3,,,3.125,3,2.594733,2.364719,2.071429,2.025,2.204311,,1.471083,2.377619,1.2,2.348214,2.257576,1.965,2.047009,2.653846,,,110593422,Republic of Indonesia
51,,,,,,2.822222,,,,,,,,,2.5,,,,,,,,,,,,,,,1.306667,,,4,,,,,,3,,,,,,,,,0,,,,,,2.5,,,,,,,,,3.333333,,,,,,,,,,2,,2,,,,2,1.333333,,,,,,,,1.2,110593637,Islamic Republic of Iran
52,,,,4,2.5,3.541667,2.857143,,,,4,,,,2.25,,,3.022222,4.125,,,,,3.4,1.5,3.85,,2.529293,1,1.213675,2.260714,2.0625,1.25,,2.333333,,,,3.2,,0.1818182,1.991667,3.265152,2.672222,,,2.666667,2.294118,5,,,,,3,2.083333,,,,3.333333,,,,3.3,,,3.738095,1.75,,,,,1,2.429808,2.283333,0.1818182,1.321225,1.888417,,2.22963,2.208333,1.541667,2.566667,2.3,2.447688,1.878788,2.454545,2.882353,3.03125,110593636,Republic of Iraq
53,4.263637,,4.9,4,,,2.851852,,,3,2,5,,,,,,,2,,,,,3.227273,2.621795,,,2.547619,,,3.333333,,,2.25,2,1.4,,,,3,,,3,3.111111,3.166667,,,3.592592,3.958333,,,4,,,3.363636,,,,1,,,,,,,,4,,,,,3.666667,2.624691,1.671429,2.2,3,2.540741,,3.75641,3.166667,1.8,3.208333,3,2.346154,3,3,4.333333,1.090909,110593643,Jamaica
54,2.666811,4,2.4,3,3.333333,4.25,3.190476,4.833333,3.236111,2.625,3.289216,,,,3.088889,3.285714,1.608696,1.785714,2.646104,5,5,,3.788095,3.980769,2.635108,2,2.85,2.333333,1.333333,5,2.491667,3.5,3.375,2.229167,1.918056,,4,,2.057389,,2.354167,2.126984,,1.725,,,2.68125,2.727273,3.228889,,2,3,2.5,4.333333,3.230769,3.85,3.851191,3.5,2.568627,,,,3.840336,,3.238095,3.083333,,4,,,3.316667,,2.707197,2.759259,3.4375,2.166667,2.130021,,2.416667,2.531945,2.833333,3,3.875,2.155555,,,4.461538,2.15,110593635,Hashemite Kingdom of Jordan
55,,,,5,,,,,,,4.333333,,,,,,,,,,,,4.5,,,,,2.916667,,2.666667,,,,,3.25,,1.545455,,,1,1.818182,2.855556,,,,,2,2.461539,,,,4.4,,,,,,,4.25,,,,,,,,,,,,3,,3.329545,2,,2.4,2.337392,,2,,,,,2.833333,,3.033333,,,110593537,Republic of Kazakhstan
56,3.9,5,3.2,3.222222,,3.066667,4.007143,,,5,3.5,,,4.714286,4.168803,,3.833333,,3.383333,3.6,,5,3.75,,2.766667,3.666667,2.25,2.909091,,4,3.578571,,,2.157895,3.958333,,,4,2.106421,,2.528195,3.4,3.111111,2.840741,,4,3.058824,,3.704545,4,2.5,3.428571,,4.035714,4.125,,,4,4.142857,,,3,3.4,,2.333333,,2.9,,,4,3.666667,,3.788889,2.658063,3.524445,2.157895,2.273968,,2.689773,4,5,3.5,2.855556,3.52732,0.8,2.333333,2.3,2.721428,110593663,Republic of Kenya
57,4.4,,3.5,2.428571,,4.020833,,,2.181818,,,,,,,,,2,2.333333,2.5,,,,,4,,3,3.714286,,4.409722,,0,3.090909,,,,,,,,,,2.666667,4.5,,,,,5,,,5,,4.3,,,3.25,,,,,,,,,,5,4,,,,,3.246032,1.30303,4.5,0.9090909,,,,1.791667,,,,3.560516,,,3.090909,0,110593745,Republic of Kiribati
58,,,,,,,,,,,,,,,,,,,,,,,,,,,,,,3.5,,,,,,,,,,,,,,,,,,0.8333333,,,,,,,,,,,,,,,,,,,,,,,,,,,,3.5,,,,,,3.5,,,,,,,110593659,Democratic People's Republic of Korea
59,3.409091,3.875,4.8,,3.519536,2,3.545455,,4.666667,2.375,,4.833333,2,,,4.363636,3,1.833333,4.2,3.190476,2.166667,,4.294118,4.944445,2.969697,2.125,3,2.75,2.888462,1.885714,2.590909,,3.095238,2.416667,,3.833333,3.285714,,,3.333333,2.75,2.888889,3.706349,2.619048,1.111111,,4.257516,3.592592,4.75,2,4,,3.928571,2,3.666667,,3,3,,4,3,,,,3,3.8,3.666667,1.833333,3.25,,3.939394,4.5,2.3,2.930292,3.235119,2.416667,3.435487,4.4,3.169652,2.469408,2.660714,2,3.1,2.844486,3.011728,3.548611,4,2.333333,110593732,Republic of Kosovo
62,3.285714,,,,,4.222222,2.090909,,,,,1.666667,,,2.238095,,,,4,,,,,,2.75,,2.384615,,,3.5,3.526786,,,,,2.526831,,,3.06746,2.333333,,,2.666667,,,,,,2.909091,,,,,4.2,,,,,,,,,3.865385,,,,3,,,,,,2.977273,,3.041667,,3.533333,,,2.875,3.08254,,2.75,2,2,,,,,Kurdistan
63,2,5,,2.666667,,,4.666667,,,,5,,,5,,,,,,,,,5,,2.375,3.666667,,3.333333,,,4,,,,,,,2,,,,3.833333,,,,,3.5,,2.5,,,4.5,,,5,,,,,,,4,,,,,,,,,3.2,,4.05,2.833333,,2.375,,,,4,,,,2.9375,,,,,,Kyrgyz Republic
64,2.671668,,,3.569986,,3.255952,3.2,3.833333,3.722222,2,4.589744,5,2,3.75,3.5,4.404762,3,,4,3,2.741071,3.013889,3.083333,2.99359,2.959809,,,3.765422,,3.375,3.2,3.722222,3.5,4,3.572649,3.098214,1.722222,3.166667,2.234127,3.142857,4.283333,3.442708,2.645833,3.138306,1.598214,2.267677,2.297917,2.983516,3.277778,,,4.507936,,3.777778,3.625,3.066667,4.375,5,3.388889,,4,4.75,4.5,3.5,4.666667,,3.471428,4.416667,3.416667,3.757143,4.333333,3.715909,3.564343,3.523326,2.731674,2.235931,3.069296,,3.485901,3.931548,2.920493,2.965278,,2.668732,2.605952,2.321429,3.333333,,110593658,Lao People's Democratic Republic
65,5,,,2,4,,,3.5625,4.3125,,5,,,,4,,3.777778,3.733333,3.333333,4.444445,,4.24359,3.769231,4.111111,2,,,3.208333,4,2.5,,3.520833,3.0625,1.4,2.662526,,1.25,,2.6,,2.988889,2.739335,3.111111,3.5,,2.538461,2.153846,2.326691,5,,,5,5,,,4.833333,4.333333,,4.230769,,,,1.333333,,3.857143,4.111111,4,2.75,,3.523809,3.5,3.833333,2.55,,2.771429,2,2.824115,2.666667,1.967949,2.255556,2.6,4,,2.999034,2.88141,,,,110593664,Kingdom of Lesotho
66,3.57971,,,2.5,3.288889,4.055423,2.738562,,,,3.304167,3.580952,2.375,3.01,,,2.776191,,,,3.333333,2.25,,3.833333,2.71688,2.29246,,1.375,3.125926,2.924242,2.87037,,,,2.727778,3.086735,2.25,3.358333,,,2.925,2.833333,,,3.666667,2.142857,,2.166667,3.666667,,,,4.033333,3.948148,3.637427,,,,2.946429,3.972222,3.666667,3.172619,,,3.444444,,,,2,2.4,,4.4,2.124455,2.488889,3.516667,2.272727,2.432199,,2.180769,2.130125,3.819444,,2.166667,3.016805,2.596405,3.5,2.166667,,110593665,Republic of Liberia
67,4.136905,3.54359,5,5,3.272727,3.997727,,3,3.611111,2.5,3.583333,,3.130592,,4.769231,,3.066667,3.337121,3.47118,3.708333,3,,4.909091,3,2.476364,2.765432,4.5,5,3.666667,3.310874,2.788889,2.714286,3.694444,2.333333,3,3.090909,3.12987,,2.538461,1.4,3.324405,2.722917,3.178819,3.326984,2.3,,3.001994,2.5,3.25,3.388889,,3.6,4.111111,3.8125,,3.192308,3.833333,3,2.5,,3.717949,,3.625,,3.5875,4,3.604167,3.595833,2.857143,,4.4,2.75,3.490807,3.18039,3.8125,3,3.384725,1.428571,3.128498,2.499708,2.481482,2.00641,2.852941,2.603023,2.898932,2.721154,,3.958333,110593734,Republic of Macedonia
68,4.8,,,2,,5,5,4.333333,,,2.25,,,,5,,4,,,,,3.25,,3.714286,3.2,,,2,,4,3,,,,3.125,,,,4,,4,,,,,1,,1.952381,4.25,,,2,,,4,,,,3,,,,,,2.666667,,,,,2.125,,3.611111,3.5,2.625,,,2,,,,4,,,4,,4,,,110593667,Republic of Madagascar
69,4.611111,,2.375,,3.625,3.208333,,,1.5,,4.5,2.666667,,,2.753333,3.181818,,2,3.8,,,4.730769,4.125,2.0625,2.409188,,2.75,,2.166667,2.746184,,,2.333333,,,4.33547,,,2.383333,2.69899,,2.833333,3,2.222222,,2.794872,1.9375,2.361053,3.722222,,3,,4,3.066667,,,,,,,,,4.083333,,,2.166667,3.8,,,3.25,3.833333,3.444444,2.648887,2.222222,2.222222,2.395833,3.196581,,1.597222,3.064189,1.8125,2.416667,,2.654311,2.474035,3.7,,,110593668,Republic of Malawi
70,,,,,,,,,,,4.5,,3.090909,,,,,,,3.1,,,2.160714,,,,,,,1.6,,,,,,,3.164773,,,,2,,,4.7,3,,3.916667,2.645833,,,,,,,,,,,,,4.2,,,,1.5,,,5,1,,,,3.058333,4.7,3.068182,,1.8,,3,4.7,4.7,,2.75,2.75,,,,,110593647,Republic of Maldives
71,2,2.333333,,,,3.790476,3,,,,3,,5,1,3.526316,,4.571429,4,3.4,,,,,,1,3.190476,,1.230769,,2.365801,2.482143,,,,1,,0.4545455,5,2.105263,2.25,2.5,2.668651,3,,,,,,3.333333,4.25,,,,3.272222,3.944444,,,,,,2.4,3,3.583333,,2.857143,4,2.666667,,,,,,2.618421,1.227273,2.105263,,1.96203,,2.375,2.467262,,,2.105263,2.736111,2.910714,,2,,110593669,Republic of Mali
72,,,,,,,,,,,3.230769,1,,,,,,,,,,,,1.909091,,,,,,,,,,,1.484615,5,,,,,,,,,,,,,,,,,,,,,,,2.5,4,,,,,,,,,,,,4.5,0.6666667,0.7179487,,,,,,0.4924242,,,2.833333,0.6666667,,,,,110593737,Republic of Marshall Islands
73,,4.15,,4.222222,,3.4,,,3.466667,,,3.666667,4.5,4.5,4,,4.277778,,2.2,,,,4.5,3.343534,,3.455555,,3.363605,,4,3,,3.342592,,,1.5,3.833333,4.5,2.708333,,4.081944,2.932713,3.222222,3.857143,5,,3.5,3.051527,,4.044445,,4.333333,,3.5,,,3.75,,,3,4.8,4.5,3,,4.416667,,3.666667,,4,,4,3.611111,3.304498,3.344031,3.15,4.083333,3.627023,,2.993056,3.02904,3.431818,3.700794,,2.888889,1.770833,3.227273,3.585664,3.410714,110593517,Islamic Republic of Mauritania
74,,1.875,4.529412,3.666667,,2,4,,4.25,,3.766667,1.55,,,3.764778,,3.666667,5,,,,,5,2.166667,,0.5,,3.333333,2.690476,4,3,,2.5,,2.545346,4.444445,2.142857,,3.28046,2,2.5,3.6,,,,,5,2,,2.25,,3.333333,,4,3.75,,4,,2.847756,4.285714,,,4.35,,5,4,,,,,5,2,2.64023,3.017989,2,2.5,2.530303,,4,2.295455,3.333333,,,,2.166667,2,,,110593744,Federated States of Micronesia
75,,,,,,2.5,3,,,,3.727273,,,,,,4,,5,3.928571,,,,3.635965,,,,3.25,2.5,3,2.75,,2.75,,3.727273,,,2.75,2,,3.375,3.966667,3.714286,3.392857,,,,3.75,,,,,,,3,,,,3.8,,,,,,3.666667,,4,4.090909,,,,3.5,3.727273,2.941667,3.125,,3.161555,3.058824,3,2.991071,,,2.75,2.910714,,2.75,,,110593736,Republic of Moldova
76,1.387097,3.472222,,,3.335512,3.25,3.740741,3.166667,3.722222,3.9375,4.875,2,2.5,,2.436752,,3.142857,,2.733333,,4.5,,1.5,,0.53125,2.653846,,2.111111,2.401961,2.375,2,3.094445,3.178571,3.375,2.5,,,,2.558025,,2.523809,2.222222,2.333333,,4.666667,,1.5,3.333333,2.375,3.285714,,,4,3.5,2.6,4,2.857143,3.111111,4.333333,,3.5,,4.130952,,3,,1.5,,,,4,,1.46903,,4,,2.502502,,0.9194711,1.055556,,2.111111,,4.666667,3.333333,,3.333333,2.7,110593478,Mongolia
77,3.176471,3.6,,,3.767544,2.715278,3.625,3.375,4.4375,,,3.380952,,,3.5,,,,4.825,,,,3.1625,,2.363636,2.2,,,2.071429,2.628572,3.386364,,2.668269,,,2.821429,,,3.5,,,,3.261905,4,,,3.9125,,3.028572,3,,,3.933333,4.5,2.875,,3.722222,,,3.3,,,4,,,,4.583333,,,,4.214286,,2.941586,,2.431818,,3.609127,,2.721537,3.373016,,,3.625,2.410985,4,,,,110593733,Montenegro
78,4.25,4.181818,2.722222,,,2.705556,,,,,2.944444,3.103448,,,,,,,2.454545,3.1,,,,5,3.625,,4,3.5,,2.699206,2,,,,3.236111,2.143678,,,1.8,,,2.207143,,3,,,,4.5,4,,4.333333,,,3.436111,,,,,3.933333,2.307692,,,,,,,,,,,,5,2.736111,2.222222,,,2.1,,2.55,2.641667,2.125,,,2.25,1.62069,,,4,110593654,Kingdom of Morocco
79,3.5,,,5,,3.666667,4.8125,,,,3.944444,2.173789,,3.5,,,4.5,,3.714286,5,,,,5,3,,,2.916667,,1.820513,3.178571,,,,2.645833,3.039886,,1.5,,,1.666667,3,2.142857,1.555556,,,,2.333333,3.5,,,4,,,4.125,,,,2.5,3.166667,,,,,,,3.4,3.333333,,,,,3,2.572421,,,1.921569,,,1.238095,2.25,,,3,,,,,110593497,Republic of Mozambique
80,3.561905,5,3.488889,2,,2.3125,3.171123,,,,3.166667,2.3,3.6,,1.666667,,3.833333,,3.444444,1,,,2.571429,,3.622222,2.916667,1.761905,3,,3.358947,2.682546,,,1.5,2.712301,1.166667,3.8,,2.166667,2.857143,2.208333,,2.052632,,,,3,,3.208333,3,2.5,,,2.375,2.26746,,,,2.957143,2,4,,4.5,,3,,2.6,,,,4,,2.947602,2.230206,2.895887,3.75,2.422515,,2.432071,2.804191,2.194444,2.777778,3.526316,2.715147,4.166667,,,,110593666,Republic of Union of Myanmar
81,3.720833,,2.539773,,,2.471428,,,2,,,2.95,,,,4,,,1.539683,1.214286,,,,3.538461,2.841667,,,,,2.824603,3.583333,,3,,,3.071429,,4,,3.208333,3,,1.380952,,,,0.9285714,3.785714,3.270833,,,,,4.5,,,3,,,4.25,,,,3.25,,,4,,,,,3.428571,2.990741,,2.405714,4,2.446429,4.25,1.770635,3.916667,4.25,,,3.053571,,4.25,,1.071429,110593638,Republic of Namibia
82,5,,,,,3.475992,3.038095,1.833333,,,,4.85,,,,3.333333,3.5,,,3,3.583333,,,1,3.1,,,,3,3.050283,3.491905,1.166667,,,2.076923,2.732143,1.979167,,,3.666667,3.25,3.325,,1.2,2.333333,,2,4.116667,3.55,,,,,3.308333,4.033333,5,,,,3.25,,,,3.25,4.333333,,,4,2.166667,,,3.625,3.415555,4.833333,,2.101191,3.65,,3.538462,3.325,3.8,3.583333,,3.325397,2,,,2.888889,110593661,Federal Democratic Republic of Nepal
83,3.842391,2.692308,5,5,,3.4,3.857143,5,,,,,,,,3,4.619048,3,4.5125,4.25,4,3.2,4.441176,,3.06,0.8461539,3.597826,4,,2.45,2.727273,3.333333,,,3.666667,1.746753,,,,2.75,3.12619,2.125,3.56875,3.666667,2.333333,2.8,2.529412,2.2,2.9375,,2.428571,3.5,,2.142857,4,3,,,,,,,,3,3.277778,1,4.1875,4.25,3,3,3.416667,,3.062917,3.037037,2.916667,3.25,2.858616,2.35,2.826667,2.932576,2.35,2.869048,2.75,3.5,,4,,,110593685,Republic of Nicaragua
84,1.25,,3.814815,2.5,2.333333,3.222619,4.25,,,4,,,,,1.444444,,,,,,2,,2.666667,,2.5,,2.407408,2.545833,2.75,2.463745,3.333333,,2.354167,2,,2.125,,,1,4,0,1.087413,,,,,,,,,2.083333,,3,2.958333,5,,,2,,,,,2,,,,,,,,,,1.887205,2.913636,,,0.7083333,,1.655787,3.416667,1.4375,3.083333,,1.752976,2.769231,2.272727,1.888889,3.875,110593538,Republic of Niger
85,2.276543,4.888889,3.666667,3.550347,3.214286,2.090909,2.606061,2.25,2.625,2,3.75,3.067398,,,1.833333,,2.333333,,2.575,,5,,,4,3.333333,1.043269,2.1,2.409722,2.607143,1.925926,2.758095,,3.333333,2.7225,3.75,2.635417,,,,,2.79375,,3.267045,2.6,,,,3,4,2.25,2.214286,3.875,3.75,2.888889,2.025,,3,3.25,3.25,3.333333,,,,,2.7,,2,,,,,5,2.820833,2.814261,3.277778,2.125,3.4,,2.599893,2.742361,1.666667,,3.425,,,,3.2,2.8125,50529105,Federal Republic of Nigeria
86,2.6,,,,3.761905,3,2.571429,,,,,,,,2.833333,,5,,,3,,,,,3.7,,,2.333333,2.560606,2,1.928571,,,,,,,,3,,5,,,1.333333,,,,,3.714286,,,,3.066667,3,3.571429,,,,,,,,2.8,,5,,,2.666667,,,,,2.219517,,,,4.222222,,,2.5,,,,3,,,,,110593660,Islamic Republic of Pakistan
87,3.14375,2.428571,2,1.545455,2.666667,,,4.692307,,3.833333,2.75,2.185185,,,,,4.5,,,2.636364,3,,3.289773,3.887213,2.375,1.952381,2.133333,3.181818,2.75,,,3.692308,4,4,3,2,,,1.857143,,4.25,2.866071,0.3333333,2.7,2,,3.391193,4.009339,3.625,2.8,4,4,4,,,4.285714,,4.25,3.285714,3.125,,,,,4.5,,,3.714286,3.5,,4.5,4.195188,3.590909,3.375,,,3.318964,,3.052032,,3.708333,2.482828,2.75,2.673077,3.4375,2.384615,3.173529,,110593693,State of Palestine
88,,,4.666667,3.128572,,3.666667,,2.8,2.453846,,3.578947,2.7,2.433333,,3.888889,4,1.1875,1.875,2.363461,1.6,,5,3.814103,2.366097,2.666667,0.5714286,2.111111,3.358974,,3.153846,,1.8,,,2.95,2.2,3.177778,,2.9,2,3.325,2.25,1.619231,2.6,,,3.119048,0.8194444,3.666667,,3.666667,4.75,,3.4,,4,4.333333,,3.461539,2.583333,3.875,,4,3,3.75,3,3.075,2.5,,,4.2,2.666667,3.144444,3.316667,2.565145,,3.031548,,2.251854,1.278846,,3.358974,,3.666667,2.575,2.5,3.416667,,110593650,Independent State of Papua New Guinea
89,3.891667,4,,3.714286,,3.75,,,4.769231,,,4.583333,,,1.8,2.916667,3.646825,,2,5,4.171429,3.12,2.927778,,3.038258,1.307022,3.833333,2.466667,1.625,1.789,,,3,,2.384615,1.869318,3,,1.95,3.388889,3.203241,3.5,,3.188187,2.864286,5,3.483333,,3.779762,4.333333,,3.666667,,3.222,,,5,,,4.125,,,4,4.076923,3.452381,,,3.583333,3.875,4.666667,3.5,,3.170191,2.089912,2.427323,3.414286,2.830958,,2.274445,3.208333,2.3,2.223477,3.027778,2.14119,,,2.237981,3.2,110593705,Republic of Paraguay
91,,,,3.444444,5,,,,,3,2.122378,2,,,1.333333,,4,,,4.271825,,,5,3,,,,3.888889,,,,,,0.5,2.019814,0,,,3.75,,1.919048,2.444444,,3.583571,,,4,2,,,,3.625,,,,,,,3.833333,,,,4.666667,,,,,4.247685,,,5,5,1.923077,3.4,3.557143,,2.253982,,3.303571,3.575,,3.888889,,2.378954,,,,1.9,110593639,Republic of Peru
92,3.75,3.769231,,3.714286,3,,3.125,,,,,,,3.8,3.076923,5,,5,3.28125,2,,1.5,3,2.66342,3.5,1.0625,,2.571429,4,1.933333,3.669643,,2.5,,,,,0,2.318182,3,,2.5,2.666667,3.480357,,4,2.621212,1.668452,4.571429,2,,3.25,4,,2.8,,,,,,,3.833333,4.538462,3.333333,,4,3.65,2,,3.666667,3.666667,2.327778,2.264547,2.666667,2.708333,2.318182,2.666667,2.5,2.962554,4.023809,2.625,,2.651695,,0.5,3,3,,110593656,Republic of Philippines
93,4.085714,,3.5,,,3.333333,,,,,,,5,,,,,,,4.9,4.25,,4.222222,5,2.857143,,,,3.181818,3.333333,,,,,3.375,0.8333333,4,,,3.5,,,,1.583333,3.571429,,2.222222,,2.9,,,,,4,,,,,,,3,,,,,,,3.6,4.5,,4.6,,3.291667,3.571429,,3,,1.583333,,1.605263,3.181818,,,2.469298,,,,,,Puntland
94,1.666667,,,,2,,,,,,,,,,,,,5,4,,,4.166667,,,0.9333333,,,,2.111111,3,,,,,,,,,,,,1.75,3.5,1.375,,3.488095,,,2.333333,,,,2,,,,,,,,,,,,,4,4.2,,,3.666667,,,3.142857,3.833333,,,2.258929,,2.459821,3.5,,,,0.9333333,3,,,,91605924,Romania
95,2.444444,,4.064286,,,3.479167,2.6,,,,2.494444,,2.358974,,,,2.333333,,,,,5,1.5,,1.916667,,2.37013,,,2.88125,1.486111,,,,2.537037,,0.6410257,,,,2.333333,,,2.9625,,2.3,2.129032,,3.714286,,2.966667,,,3.5,2.285714,,,,3.401852,,2.625,,,,2.333333,,,,,3,2.736842,,1.758013,,3.006354,1.384615,2.600926,,2.251344,2.215278,1.125,0.6,,2.252623,,3.5,,,110593542,Republic of Rwanda
96,,4,,4.196296,5,4.269048,,,,,,,,,4.333333,,2,,,,5,,5,,,1.333333,,2.577386,2.48,2.68,2.875,,2.944444,,,,,,2.666667,,3.625,2.629924,,,2.75,,1.833333,,,3,,3.5,4.285714,3.4,,,,,,,,,3,,2.666667,,,,3.666667,,3.5,,2.872222,2.317037,2.222222,,2.852619,,2.834074,2.905,2.5,2.493464,2.613333,2.715686,2.636364,,,,110593614,Independent State of Samoa
97,3.78125,,,,5,4,1.857143,,,,,,,,,,,,3,,5,,,,3.25,,,,2.727273,2.79764,2.528571,,,3,2.75,4.111111,,,,,3.6,4.4,2.848485,3,3.6,,2.8,,3.666667,,,,4.333333,3.8,3,,,,,,,,,,,,4,,4.5,,,,3.140339,3.3,3,3.075794,2.484848,,2.625252,3.269458,3.340909,3.8,2.681818,3.060043,3.966667,,3,,110593688,Democratic Republic of Sao Tome and Principe
98,4.025252,4.666667,,4,,3.666667,,2,,,4.375,,1.666667,,2.111111,,2.6,,,,1.75,,3,1.5,3.611111,1,,2.75,,3.916667,,3.666667,,,2.75,,5,,2,,4.8,,,,1.75,,5,2.307692,4.055555,,,2,,3.833333,,3,,,3.75,,4,,2.25,,3,,,,3.5,,2,2,3.916667,2.4375,3,3,,,3.145833,1.75,,,1.75,2.527778,,3.666667,,,110593742,Republic of Senegal
99,2.416667,,,,,,2,,,,,2,,,,,,,,,1.2,,1.5,,1.153846,,4,,,3.666667,3.214286,,,,,,2.666667,,,3,,3,3,2.666667,0.9,,2.3,2.2,3,,,,,,3,,,,,,,,,,,,,,2.8,,2,,2.720238,3.031746,,,2.633333,,3.142857,2.705555,3.333333,,,2.8,,,2.8,,110593615,Republic of Serbia
101,,4.25,,,,,2.7375,,,3,2.636364,,,,,,,2,3.185185,3.152778,,,,,,2.25,,1.75,,,2.1375,,3.1875,5,1.636364,,,,,,3,0.8333333,2.833333,1.851852,,,,3.083333,,,,2,,,3.5,,,,3.333333,,,,,,,1.95,3.208333,2.857143,,,,,2.569712,1.583333,1.666667,3,1.475926,,,3.005556,3.666667,1.041667,1.2,2,0.3333333,,3,2.791667,110593696,Republic of Sierra Leone
102,,,3,,,3.754148,,,3.4,,3.5,3.714286,,,2.9375,,,,,,,,,,,,3.916667,,,2.348297,,,3.2625,,1.5,2.714286,,,1.9375,,2.333333,,,,,,,,,,4.5,,,2.805861,,,2.3375,,1,4.666667,,,3.8125,,,,,,,,,,2.034281,2.5,2.857143,,3.333333,2.714286,4.333333,2.405545,2.375,,,2.5,3,,3.125,,110593616,Solomon Islands
103,,3.6,2.909091,,,4,,,1,,4.375,,4,,,,5,2.583333,3.818182,,,,,2.571429,3,2.55,2.564655,,,2.295455,,,5,,3.444444,,,,3.75,,1.888889,2.583333,2.454545,2.571429,,,,2.666667,,5,1,,,2,,,4,,3,,,,,,,3.444444,2.818182,,,,,3.833333,2.920455,1.888889,2.666667,2.090909,1.888889,,,2.399663,,,3.444444,2.090909,2.5,2.5,2.571429,3.75,110593748,Federal Republic of Somalia
104,2.590909,3.2,2.340909,,,3.819444,,1.375,,,1,2.797824,,,,,,,,,,,,3.75,2.772727,2.333333,2.090909,,,1.717172,,0.375,1.975,,2,2.227627,,,,,,3.392157,,1.714286,,,1.7,2.44,4.2,3,3,,,2.833333,,1.333333,,,,3.083333,,,,,,,,,,,,4.2,2.979539,2.589394,,,,,2.709596,1.253968,,,,2.103355,2.674208,3.117647,1.459524,2,,Somaliland
105,3,,,,,,,,,2.5,1.5,5,,,3.857143,,,1.5,3,4.090909,,,,3.501089,2,,,,,,,3.5,,1.25,0.75,2,,,2.3125,,,0,2.25,4.181818,,,,1.571895,2.5,,,,,,,,,3.5,2,,,,3.833333,,,,3,4,,,,3.583333,1.875,2.25,2,2.75,4.181818,,1.588235,3.340909,,2,,1.5,,,,,84,Republic of South Africa
106,4.444445,2.5,,,,4.166667,4,,,,,,4.583333,,,,,,,,,,2.375,,3.222222,2.5,,,,2.829545,4.5,,,,,,2.692308,,,,,3.2,,,,,1.375,3.222222,4,5,,,,3.375,5,,,,,,3.571429,,,,,,,,,,3,,3.647436,2.5,,,,,,5,4.5,,,2.565657,,,3.222222,3.486111,110593758,Republic of South Sudan
107,3.95,,3.285714,3.666667,2.625,4,5,,,3,1.833333,,,,3.5,,,,,,,,,2.375,2.433333,,2.285714,2.075758,1.555556,3,1.944444,4,,2.592592,1.833333,,,,2.5625,,,,,0.5833333,,,,2.045455,3.4375,,3.4,,,,4.5,,,4,,,,,3,,,,,,,,,2,2.449074,3.071429,3.333333,,,,2.125,2.222222,,2.809524,2,0.5833333,,,1.958333,0.8181818,110593495,Democratic Socialist Republic of Sri Lanka
108,,,4,,,,,,3.333333,,,,4,,,,4,,3.5,,,,,,,,3.116667,1.825,,,,,2.833333,,3.333333,2.916667,3,,,,2.472222,3.575,2.875,4.611111,,,4,2.833333,,,3.333333,,,,,,3,,,,4,,,,2.5,,4,,,,,,3,3.561111,4.222222,2.5,2.629167,,,2.854167,2.833333,2.11875,4,3,2.555556,,,,110593752,Republic of Sudan
109,3.577778,4.233333,3,3.5,3.25,4.35,,,,,,,5,,5,,5,,2.333333,2.571429,,,3.875,,3.801389,2.5,1.666667,2.5,2.75,3.214103,2.416667,,,,,,2.666667,,2.9709,,3.35,,2.833333,2.233333,,,2.611111,,4.34375,3.916667,4.333333,4.5,2.833333,4.166667,,,,,,,5,,3.3125,,4,,4,2.333333,,,2.8,,2.2575,2.569445,2.283476,2,2.916667,,2.665833,3.020833,2.729167,0,2.933333,3.416667,3.414103,3.833333,,,110593753,Republic of Suriname
110,3.4,3.75,,,,1.602679,3.166667,,,,,,,,,,4.8,5,3,,,,,3,0.6,1,,,,0.1428571,2.428571,,,2,2,,,,2.833333,,,1.5,,,,,,1,3,3,,,,,1.833333,,,,,,,,,,,3.4,,,,,,,1.214286,,,,,,,,,,,,0,,,,110593704,Kingdom of Swaziland
111,,2.5,3,3.1,,,4.071428,3.571429,,,2,2.2,,1.666667,3.7,,,3.479167,,2.625,,,,,2.4,2,1.875,2.2,,3.5,2.952381,4.261905,,2,,2.893939,,0.4444444,2.5,3,,3.002976,,2.643939,,,1.666667,2.107143,,3,3,2.5,,,3.666667,3.142857,,,,4.4,,3.5,3,,,4,,2.916667,,,,,2.123016,1.587963,,,2.675,1.947368,1.333333,2.539307,2.875,1.947368,2.5,2.561111,2.973684,3,2.762626,3.583333,110593689,Syrian Arab Republic
112,,,,,,3.666667,3.4,,,,4.888889,3.612255,2.333333,,,,,,,,,3.333333,,,2.727273,,,,,2.738095,,,,,2.444444,3.459087,1.333333,,3,,,3.208333,2.923077,3.2,,1.6,2,,,,,,,4,,,,,3,2.98,1.8,,3.666667,,,,,,,5,,,2.25,1.774074,2.461538,,3.101136,,2,2.987179,3,,0.6153846,3.418803,,,,,110593746,Republic of Tajikistan
113,,,,3.846154,,,5,3.285714,,,2.571429,,,,3.692308,,2,,,,,,3.384615,,,,,2.294872,,,1.611111,3.428571,,,,,,,2.384615,,3.1875,1.95,,,,,3.153846,3.333333,,,,5,,,4.142857,2.952381,,,,,,,4,,3.333333,,,,,,4.714286,,2.384615,2.405952,,,3.1875,,,3.222222,,,,,,,,,110593754,United Republic of Tanzania
114,2.333333,5,,3.333333,2.666667,2.753968,3.375,,3.666667,3,3,3,,,,,2,3.333333,,,,,,,2.346405,,,0.5555556,2.285714,2.690476,1.231481,,1.25,2.5,2.333333,2.5,,,,,3,2.905714,,1.5,,,,1.647059,3,,,3,2.5,4.166667,2.633333,,3,3.5,3,3.2,,,,,2,,,,,,,,1.587302,1.777778,0.4444444,,1.905556,0.4444444,,2.101852,0.6,0.5555556,3,2.035714,,2.333333,0.6,,85,Thailand
115,3.644444,4.222222,,2.5,2.8,,,,,3.5,3.111111,,,5,4.5,3,4,,,,,,2.7,1.714286,2.738095,2.145707,,3,,2,,,,1.75,2.055556,,,,0,4,3.5,,4,,,,2.833333,1.864583,3.5,2.25,,3.5,,2,,,,5,4,,,5,3.5,3,3,,5,,,,3.333333,2.9,1.621212,2.555556,1,,2,,0,,,,,2.787037,,,,,110593739,Democratic Republic of Timor-Leste
116,,,,,,,,,,,,,,,,,,,,,,,,,,0.9473684,,,1.533333,,1.5,,,,2,,,,,,,1.4375,,,,,,,,,,,,,,,,,,,,,,,,,,,,,,,0.5714286,3,,,2.204167,,,1.5,0,0.9473684,,3,,,,,110593755,Togolese Republic
117,5,,,,,,2,,1.75,,4.181818,,5,,2.285714,,,2.625,,3,2.428571,,3,,1.473684,,,,,,,,,,3.5,,2.928571,,4.071429,,,1.583333,,0,2.142857,,2.942857,,2.666667,,,,,,,,,,3.625,,2,,4.571429,,,1.777778,,,5,,3,,4,1.5,3.285714,,0,,,1.473684,,,,2.375564,,,,2.142857,110593651,Kingdom of Tonga
118,3.833333,,,,2.803226,4.083333,5,,3.857143,,,,2.625,,3.886364,5,2.4,,2.74881,4.363636,,,4.094203,,2.566667,,,,1.645161,3.966667,2.583333,,3.577381,3.5,3.844444,4,1.53125,,2.655844,3.474748,2.988889,3,2.25119,3.272727,,,2.02004,,2.975,,,,3.055556,3.014286,4.5,,4,,,,3.263889,,2.375,5,,,2.571429,3.666667,,,3.144737,,3.131883,2.622619,3.489979,3.1,2.690159,,2.539682,3.366667,2.204545,,3.083333,3.730844,2.832579,3.176136,,3,110593682,Tunisian Republic
119,4.166667,,,4,4.65,,,4,,,3.333333,,,,,,,5,5,,,,,3,,,1,2.833333,3.1,,,,,,2.333333,,,,2.125,,1,2.250266,2.583333,3.25,,,2.75,0.8055556,,,,3,4.277778,,,,,,4,,,,,,,3.428571,2.75,,,,,1.5,2.447917,2.569079,,2.125,2.390643,,3.1,3.5,,2.85,,3.2,1.944976,0.5263158,,1.666667,110593633,Republic of Turkey
120,,3,,,,,,,,,,,,,,,,,,,,5,,,1.9375,3.6,2.666667,,,,,,1.8375,1.5,,2.894737,,,,,,2.392157,,,,2.5,,,,4,,,,,,,,,,,,,,,,,,,,2.25,,,,,2.4375,2.217391,1.754902,,3,,2.217391,,2.375,2.894737,3.088235,,,,110593499,Turkmenistan
121,4.09375,1.777778,4.8,,,3.875,4.136364,2.454545,,,4.75,3.438312,,,2.9125,,,,,,,,2.307692,,3.46875,2.384615,4.6,,,2.55,3.17094,2.636364,,3,2.916667,,1.125,,2.654167,,2.666667,,,2,,,1.361538,3.134615,3.678571,,5,,,3.8,3.883333,4.833333,,,4,,,,3.071429,,,,,,,,3.75,,2.831303,2.963462,2.641026,,2.666667,2,1.950041,2.666667,3.708333,,,3.102273,3.6,,,2.666667,110593649,Tuvalu
122,,,,,4,3.5,4.222222,,,,1.2,,,,,,4.75,,4.6,,,,1.421053,,,,5,,3.458333,2.333333,2.958333,,,,4.4,1.857143,,,1.555556,,4,,3.033333,,,,2.708333,3.166667,,,,,4,,3.214286,,,,4.5,,,,,,5,,3,,,,,,,4.083333,,,3.534722,,,3.419048,,,,2.833333,,,2.333333,2.333333,110593756,Republic of Uganda
123,,4,,2,2.333333,2.95,2.952381,,3.054167,,2.75,3.916667,,2,3.7375,3.866667,3.833333,,,,,,3.145833,,2.666667,1.375,0,2,2.966667,2.221875,2.628261,,1.833333,,2.111111,3.015873,,1,2.480556,2.691667,3.85,2.666667,3.25,2.864493,,,2.083333,3.622374,,3.666667,,,2.75,2.18254,2.986111,,3,,3.625,2.65,,,2.729167,2.711111,3.1,,3.5,,,,2.666667,,2.653891,2.669626,2.111111,1.479167,2.721665,,1.827778,2.384594,1.991697,,2.25,2.241711,2.407408,3.6,2.7,3.5,110593634,Ukraine
124,3.6875,1.888462,4.444445,3.166667,4.666667,4.25,,,4.833333,5,,2.430451,5,,5,2.4,,,5,,3.774074,5,3.9,2.230769,2.5,2.223077,2.350427,2.478291,1.5,2.287202,,,4.666667,,2.416667,2.106908,2.583333,,2.35,,2.708333,3.555556,3.125,,3.314815,2.6,2.166667,1.357143,3.729167,2.775,3.916667,3.277778,2.571429,3.453704,,,4.4,,,2.716667,3.25,,4,,,,2.5,,2.966667,4,4,4.272727,1.973422,2.701389,2.583333,2.79085,2.794312,,1.916667,2.367188,2.5,1.980392,1.666667,1.74256,3.5,1.166667,4,,110593498,Republic of Uzbekistan
126,4.5,,4.25,,3.285714,3.412698,3.090909,3.25,,,3,,,,5,,,,,,,,,,2.884615,,2.602273,,1.5,3.484127,2.640909,3.041667,,,3.333333,2.314035,,2,1.6,,3.25,2.731798,3,,,,2.375,,3.4,,4,,4,3.395833,4.166667,2,,,3,,,2.5,3.2,,,,,,,,,,2.418948,2.275,3.261364,,2.021491,,2.600086,3.126786,2.65,1.5,1.6,2.80303,3.111111,3.25,4.631579,3.333333,110593676,Republic of Vanuatu
,,,,,,,,,,,,,,,,,,,,,,,,,,,,,,,,,,,,,,,,,,,,,,,,,,,,,,,,,,,,,,,,,,,,,,,,,,,,,,,,,,,,,,,,,110593738,Socialist Republic of Vietnam
,,,,,,,,,,,,,,,,,,,,,,,,,,,,,,,,,,,,,,,,,,,,,,,,,,,,,,,,,,,,,,,,,,,,,,,,,,,,,,,,,,,,,,,,,110593699,Republic of Yemen
,,,,,,,,,,,,,,,,,,,,,,,,,,,,,,,,,,,,,,,,,,,,,,,,,,,,,,,,,,,,,,,,,,,,,,,,,,,,,,,,,,,,,,,,,110593740,Republic of Zambia
,,,,,,,,,,,,,,,,,,,,,,,,,,,,,,,,,,,,,,,,,,,,,,,,,,,,,,,,,,,,,,,,,,,,,,,,,,,,,,,,,,,,,,,,,,Zanzibar
,,,,,,,,,,,,,,,,,,,,,,,,,,,,,,,,,,,,,,,,,,,,,,,,,,,,,,,,,,,,,,,,,,,,,,,,,,,,,,,,,,,,,,,,,110593686,Republic of Zimbabwe
